Name,Length,Status,Premium,URL,Registered,Expires,Grace Period Ends,Price Premium Ends
aabb,4,Currently Owned,,https://opensea.io/assets/0x57f1887a8bf19b14fc0df6fd9b2acc9af147ea85/111642406503306070287993081973775951414017188480967273410449263764283948782597,2021-09-15 07:42:26,2022-09-15 13:31:38,2022-12-14 13:31:38,2023-01-04 13:31:38
aacc,4,Currently Owned,,https://opensea.io/assets/0x57f1887a8bf19b14fc0df6fd9b2acc9af147ea85/7325298480075374024768869604394382133058798824552148723951429823788158662375,2022-04-28 15:16:25,2023-04-28 21:05:37,2023-07-27 21:05:37,2023-08-17 21:05:37
aadd,4,Currently Owned,,https://opensea.io/assets/0x57f1887a8bf19b14fc0df6fd9b2acc9af147ea85/13932692594184541038136635873500793429738645963109367700748355803012858605703,2022-04-30 19:35:07,2023-05-01 01:24:19,2023-07-30 01:24:19,2023-08-20 01:24:19
aaee,4,Currently Owned,,https://opensea.io/assets/0x57f1887a8bf19b14fc0df6fd9b2acc9af147ea85/24625817040334684569245638850060517507473794876462776977194312195471857580400,2022-04-30 19:40:23,2023-05-01 01:29:35,2023-07-30 01:29:35,2023-08-20 01:29:35
aaff,4,Never Registered,,https://app.ens.domains/name/aaff.eth/register,,,,
aagg,4,Currently Owned,,https://opensea.io/assets/0x57f1887a8bf19b14fc0df6fd9b2acc9af147ea85/43873768738387388051511506097175965902882927970073572989898705449817134443230,2021-09-07 13:48:18,2026-09-07 18:54:18,2026-12-06 18:54:18,2026-12-27 18:54:18
aahh,4,Currently Owned,,https://opensea.io/assets/0x57f1887a8bf19b14fc0df6fd9b2acc9af147ea85/42388336565731043347215795824659147580658690693219711000458229763935005315223,2022-05-02 22:25:29,2023-05-03 04:14:41,2023-08-01 04:14:41,2023-08-22 04:14:41
aaii,4,Currently Owned,,https://opensea.io/assets/0x57f1887a8bf19b14fc0df6fd9b2acc9af147ea85/99694728496433227220161733896515397247078585130847391731334143533136624252623,2022-04-30 00:09:04,2023-04-30 05:58:16,2023-07-29 05:58:16,2023-08-19 05:58:16
aajj,4,Currently Owned,,https://opensea.io/assets/0x57f1887a8bf19b14fc0df6fd9b2acc9af147ea85/112962629668216347276085124865251087379855117725096048641981511134062458337236,2022-04-28 07:34:35,2023-04-28 13:23:47,2023-07-27 13:23:47,2023-08-17 13:23:47
aakk,4,Currently Owned,,https://opensea.io/assets/0x57f1887a8bf19b14fc0df6fd9b2acc9af147ea85/11949678612673558446720767710324059653486377290390797546894268093533848448438,2021-11-24 03:34:29,2022-11-24 09:23:41,2023-02-22 09:23:41,2023-03-15 09:23:41
aall,4,Never Registered,,https://app.ens.domains/name/aall.eth/register,,,,
aamm,4,Never Registered,,https://app.ens.domains/name/aamm.eth/register,,,,
aann,4,Currently Owned,,https://opensea.io/assets/0x57f1887a8bf19b14fc0df6fd9b2acc9af147ea85/72083125797920690289280359879599474424279126998386033304435730072709755455668,2022-05-01 07:25:14,2023-05-01 13:14:26,2023-07-30 13:14:26,2023-08-20 13:14:26
aaoo,4,Currently Owned,,https://opensea.io/assets/0x57f1887a8bf19b14fc0df6fd9b2acc9af147ea85/31939060554748792568491835316043336670104331415926760191217904003234097191499,2022-05-01 07:13:05,2023-05-01 13:02:17,2023-07-30 13:02:17,2023-08-20 13:02:17
aapp,4,Currently Owned,,https://opensea.io/assets/0x57f1887a8bf19b14fc0df6fd9b2acc9af147ea85/68238000390055380938813089427632572851614874854761068609083127193478752079965,2022-04-27 12:36:29,2024-04-27 00:14:53,2024-07-26 00:14:53,2024-08-16 00:14:53
aaqq,4,Currently Owned,,https://opensea.io/assets/0x57f1887a8bf19b14fc0df6fd9b2acc9af147ea85/97332684357070779442076482774287425952933728415499845928762330712327659996972,2022-04-28 07:31:39,2023-04-28 13:20:51,2023-07-27 13:20:51,2023-08-17 13:20:51
aarr,4,Never Registered,,https://app.ens.domains/name/aarr.eth/register,,,,
aass,4,Currently Owned,,https://opensea.io/assets/0x57f1887a8bf19b14fc0df6fd9b2acc9af147ea85/79937024535433225112479713618073692119299122417967261025376259216437805677017,2021-12-20 06:38:07,2022-12-20 12:27:19,2023-03-20 12:27:19,2023-04-10 12:27:19
aatt,4,Never Registered,,https://app.ens.domains/name/aatt.eth/register,,,,
aauu,4,Never Registered,,https://app.ens.domains/name/aauu.eth/register,,,,
aavv,4,Currently Owned,,https://opensea.io/assets/0x57f1887a8bf19b14fc0df6fd9b2acc9af147ea85/78695434550877260567161782686454657040514159079204778307713460227971018307551,2022-05-02 05:27:22,2023-05-02 11:16:34,2023-07-31 11:16:34,2023-08-21 11:16:34
aaww,4,Never Registered,,https://app.ens.domains/name/aaww.eth/register,,,,
aaxx,4,Currently Owned,,https://opensea.io/assets/0x57f1887a8bf19b14fc0df6fd9b2acc9af147ea85/71181337886201728905949260449572103565442703305415952679001107092063018124226,2022-05-04 01:05:43,2023-05-04 06:54:55,2023-08-02 06:54:55,2023-08-23 06:54:55
aayy,4,Never Registered,,https://app.ens.domains/name/aayy.eth/register,,,,
aazz,4,Currently Owned,,https://opensea.io/assets/0x57f1887a8bf19b14fc0df6fd9b2acc9af147ea85/25041393386695550352698260774357651364002323166313424982413189044869546427201,2022-04-28 21:40:21,2023-04-29 03:29:33,2023-07-28 03:29:33,2023-08-18 03:29:33
bbaa,4,Currently Owned,,https://opensea.io/assets/0x57f1887a8bf19b14fc0df6fd9b2acc9af147ea85/109537425318610342366635799784372038576512294362656769816623765215585168870486,2022-04-30 19:46:28,2023-05-01 01:35:40,2023-07-30 01:35:40,2023-08-20 01:35:40
bbcc,4,Currently Owned,,https://opensea.io/assets/0x57f1887a8bf19b14fc0df6fd9b2acc9af147ea85/32238663351109880582137040960970836107883823194009203550678071058198050924763,2021-11-10 20:05:00,2022-11-11 01:54:12,2023-02-09 01:54:12,2023-03-02 01:54:12
bbdd,4,Currently Owned,,https://opensea.io/assets/0x57f1887a8bf19b14fc0df6fd9b2acc9af147ea85/101507228989558200789957313184580523525097256243492669624340225886564736772897,2022-04-30 03:52:13,2023-04-30 09:41:25,2023-07-29 09:41:25,2023-08-19 09:41:25
bbee,4,Currently Owned,,https://opensea.io/assets/0x57f1887a8bf19b14fc0df6fd9b2acc9af147ea85/28583826816826723613049760834656736647867023574487648701909912962586714837124,2022-05-03 03:36:01,2022-06-08 16:10:56,2022-09-06 16:10:56,2022-09-27 16:10:56
bbff,4,Currently Owned,,https://opensea.io/assets/0x57f1887a8bf19b14fc0df6fd9b2acc9af147ea85/76014955932906459015816214216858151164888714761029658503505799256522771446772,2022-05-02 02:35:45,2024-05-01 14:14:09,2024-07-30 14:14:09,2024-08-20 14:14:09
bbgg,4,Never Registered,,https://app.ens.domains/name/bbgg.eth/register,,,,
bbhh,4,Currently Owned,,https://opensea.io/assets/0x57f1887a8bf19b14fc0df6fd9b2acc9af147ea85/43419705817457092226836003502181947112138144938818135652386912119431929103138,2022-05-04 01:50:27,2023-05-04 07:39:39,2023-08-02 07:39:39,2023-08-23 07:39:39
bbii,4,Never Registered,,https://app.ens.domains/name/bbii.eth/register,,,,
bbjj,4,Currently Owned,,https://opensea.io/assets/0x57f1887a8bf19b14fc0df6fd9b2acc9af147ea85/28124310170617556021842901249219191474513711290920494510774427515137318608387,2022-05-02 23:58:42,2023-05-03 05:47:54,2023-08-01 05:47:54,2023-08-22 05:47:54
bbkk,4,Currently Owned,,https://opensea.io/assets/0x57f1887a8bf19b14fc0df6fd9b2acc9af147ea85/80599769873407043403446569089270056292492601710658368023447427687296550616845,2022-04-30 19:25:47,2025-04-30 12:53:23,2025-07-29 12:53:23,2025-08-19 12:53:23
bbll,4,Never Registered,,https://app.ens.domains/name/bbll.eth/register,,,,
bbmm,4,Never Registered,,https://app.ens.domains/name/bbmm.eth/register,,,,
bbnn,4,Never Registered,,https://app.ens.domains/name/bbnn.eth/register,,,,
bboo,4,Currently Owned,,https://opensea.io/assets/0x57f1887a8bf19b14fc0df6fd9b2acc9af147ea85/109547368963849731567226988906553987105159863390187834535820869926567031984596,2021-07-20 04:58:12,2022-07-20 10:47:24,2022-10-18 10:47:24,2022-11-08 10:47:24
bbpp,4,Currently Owned,,https://opensea.io/assets/0x57f1887a8bf19b14fc0df6fd9b2acc9af147ea85/85482844234725172239784067238635506318947362284910412247440168585610693026028,2022-05-03 04:48:53,2022-06-01 10:04:49,2022-08-30 10:04:49,2022-09-20 10:04:49
bbqq,4,Currently Owned,,https://opensea.io/assets/0x57f1887a8bf19b14fc0df6fd9b2acc9af147ea85/113901063910242602587802949716249830608420551608380332427595456314822896422231,2022-05-03 04:46:03,2022-06-01 10:01:59,2022-08-30 10:01:59,2022-09-20 10:01:59
bbrr,4,Never Registered,,https://app.ens.domains/name/bbrr.eth/register,,,,
bbss,4,Never Registered,,https://app.ens.domains/name/bbss.eth/register,,,,
bbtt,4,Currently Owned,,https://opensea.io/assets/0x57f1887a8bf19b14fc0df6fd9b2acc9af147ea85/114843636575165086453848410667356483101473756026343471396067325716789876148931,2022-05-02 21:42:59,2022-05-31 21:42:59,2022-08-29 21:42:59,2022-09-19 21:42:59
bbuu,4,Never Registered,,https://app.ens.domains/name/bbuu.eth/register,,,,
bbvv,4,Never Registered,,https://app.ens.domains/name/bbvv.eth/register,,,,
bbww,4,Never Registered,,https://app.ens.domains/name/bbww.eth/register,,,,
bbxx,4,Never Registered,,https://app.ens.domains/name/bbxx.eth/register,,,,
bbyy,4,Currently Owned,,https://opensea.io/assets/0x57f1887a8bf19b14fc0df6fd9b2acc9af147ea85/99986576372592152783099166797319689710815005034848923325247692215959860239331,2022-04-30 15:30:47,2022-06-06 04:05:42,2022-09-04 04:05:42,2022-09-25 04:05:42
bbzz,4,Never Registered,,https://app.ens.domains/name/bbzz.eth/register,,,,
ccaa,4,Never Registered,,https://app.ens.domains/name/ccaa.eth/register,,,,
ccbb,4,Currently Owned,,https://opensea.io/assets/0x57f1887a8bf19b14fc0df6fd9b2acc9af147ea85/73182576841977832630678678214433116329918046920856379658794049134354670418448,2022-05-02 02:18:08,2025-05-01 19:45:44,2025-07-30 19:45:44,2025-08-20 19:45:44
ccdd,4,Currently Owned,,https://opensea.io/assets/0x57f1887a8bf19b14fc0df6fd9b2acc9af147ea85/64574031526391089642729738880313903101935266221087876300647682481539022568322,2022-04-28 08:41:01,2024-04-27 20:19:25,2024-07-26 20:19:25,2024-08-16 20:19:25
ccee,4,Never Registered,,https://app.ens.domains/name/ccee.eth/register,,,,
ccff,4,Currently Owned,,https://opensea.io/assets/0x57f1887a8bf19b14fc0df6fd9b2acc9af147ea85/41591332252988188608158696201075189984039153930145184321237728896879602145083,2022-05-03 06:43:39,2022-06-05 03:39:04,2022-09-03 03:39:04,2022-09-24 03:39:04
ccgg,4,Never Registered,,https://app.ens.domains/name/ccgg.eth/register,,,,
cchh,4,Never Registered,,https://app.ens.domains/name/cchh.eth/register,,,,
ccii,4,Never Registered,,https://app.ens.domains/name/ccii.eth/register,,,,
ccjj,4,Never Registered,,https://app.ens.domains/name/ccjj.eth/register,,,,
cckk,4,Never Registered,,https://app.ens.domains/name/cckk.eth/register,,,,
ccll,4,Never Registered,,https://app.ens.domains/name/ccll.eth/register,,,,
ccmm,4,Never Registered,,https://app.ens.domains/name/ccmm.eth/register,,,,
ccnn,4,Currently Owned,,https://opensea.io/assets/0x57f1887a8bf19b14fc0df6fd9b2acc9af147ea85/89945667675534050299789531122951801319981935379921214671279596939196406294889,2022-05-03 02:38:52,2022-06-01 07:54:48,2022-08-30 07:54:48,2022-09-20 07:54:48
ccoo,4,Currently Owned,,https://opensea.io/assets/0x57f1887a8bf19b14fc0df6fd9b2acc9af147ea85/101716918691968900209304804990039416996467457072247105907256553029047501899591,2022-04-28 02:38:29,2023-04-28 08:27:41,2023-07-27 08:27:41,2023-08-17 08:27:41
ccpp,4,Never Registered,,https://app.ens.domains/name/ccpp.eth/register,,,,
ccqq,4,Never Registered,,https://app.ens.domains/name/ccqq.eth/register,,,,
ccrr,4,Never Registered,,https://app.ens.domains/name/ccrr.eth/register,,,,
ccss,4,Currently Owned,,https://opensea.io/assets/0x57f1887a8bf19b14fc0df6fd9b2acc9af147ea85/6333443892118276820702851542831191121823325580654568662041218858972527228253,2022-05-03 03:19:09,2022-06-08 15:54:04,2022-09-06 15:54:04,2022-09-27 15:54:04
cctt,4,Never Registered,,https://app.ens.domains/name/cctt.eth/register,,,,
ccuu,4,Never Registered,,https://app.ens.domains/name/ccuu.eth/register,,,,
ccvv,4,Currently Owned,,https://opensea.io/assets/0x57f1887a8bf19b14fc0df6fd9b2acc9af147ea85/18682709880600913606264021091416046943843078911869649139616577001126667618540,2022-05-05 03:30:39,2025-05-04 20:58:15,2025-08-02 20:58:15,2025-08-23 20:58:15
ccww,4,Never Registered,,https://app.ens.domains/name/ccww.eth/register,,,,
ccxx,4,Currently Owned,,https://opensea.io/assets/0x57f1887a8bf19b14fc0df6fd9b2acc9af147ea85/64571922548500648564600710948742414909558041659739458045435414395037903225975,2022-05-01 05:17:04,2023-05-01 11:06:16,2023-07-30 11:06:16,2023-08-20 11:06:16
ccyy,4,Never Registered,,https://app.ens.domains/name/ccyy.eth/register,,,,
cczz,4,Currently Owned,,https://opensea.io/assets/0x57f1887a8bf19b14fc0df6fd9b2acc9af147ea85/35033977042606160730805242648566490994994755195709251175452187965959951341124,2022-05-02 12:29:54,2023-05-02 18:19:06,2023-07-31 18:19:06,2023-08-21 18:19:06
ddaa,4,Never Registered,,https://app.ens.domains/name/ddaa.eth/register,,,,
ddbb,4,Currently Owned,,https://opensea.io/assets/0x57f1887a8bf19b14fc0df6fd9b2acc9af147ea85/72304188314425024663816663184765180418891843885394824484333395688228654657333,2022-05-01 04:32:42,2025-04-30 22:00:18,2025-07-29 22:00:18,2025-08-19 22:00:18
ddcc,4,Currently Owned,,https://opensea.io/assets/0x57f1887a8bf19b14fc0df6fd9b2acc9af147ea85/33421373500587542024113779372677973196655771257368798995580564934111458017360,2022-04-29 03:55:36,2023-04-29 09:44:48,2023-07-28 09:44:48,2023-08-18 09:44:48
ddee,4,Currently Owned,,https://opensea.io/assets/0x57f1887a8bf19b14fc0df6fd9b2acc9af147ea85/21374225543830464463490195129185574795460093683249602139090693858453988532323,2022-05-01 07:46:24,2023-05-01 13:35:36,2023-07-30 13:35:36,2023-08-20 13:35:36
ddff,4,Never Registered,,https://app.ens.domains/name/ddff.eth/register,,,,
ddgg,4,Currently Owned,,https://opensea.io/assets/0x57f1887a8bf19b14fc0df6fd9b2acc9af147ea85/22660297912238308944991288809479357480182460452942453834639567991843984029601,2022-05-03 01:14:48,2023-05-03 07:04:00,2023-08-01 07:04:00,2023-08-22 07:04:00
ddhh,4,Never Registered,,https://app.ens.domains/name/ddhh.eth/register,,,,
ddii,4,Never Registered,,https://app.ens.domains/name/ddii.eth/register,,,,
ddjj,4,Never Registered,,https://app.ens.domains/name/ddjj.eth/register,,,,
ddkk,4,Never Registered,,https://app.ens.domains/name/ddkk.eth/register,,,,
ddll,4,Currently Owned,,https://opensea.io/assets/0x57f1887a8bf19b14fc0df6fd9b2acc9af147ea85/72917184399827249395543982971057067995613194987752229847402177738421625652925,2022-05-03 05:44:33,2023-05-03 11:33:45,2023-08-01 11:33:45,2023-08-22 11:33:45
ddmm,4,Currently Owned,,https://opensea.io/assets/0x57f1887a8bf19b14fc0df6fd9b2acc9af147ea85/80881706798678237612673623858406295587751863855376129966133922503415420190844,2022-05-01 06:56:26,2023-05-01 12:45:38,2023-07-30 12:45:38,2023-08-20 12:45:38
ddnn,4,Never Registered,,https://app.ens.domains/name/ddnn.eth/register,,,,
ddoo,4,Currently Owned,,https://opensea.io/assets/0x57f1887a8bf19b14fc0df6fd9b2acc9af147ea85/1078730786013763015244618514461823436644979115963787867595721063877553983624,2022-05-01 08:12:02,2023-05-01 14:01:14,2023-07-30 14:01:14,2023-08-20 14:01:14
ddpp,4,Currently Owned,,https://opensea.io/assets/0x57f1887a8bf19b14fc0df6fd9b2acc9af147ea85/98896019197191666970068053498373196327935947551604826901707053021077784638455,2022-05-03 04:42:16,2022-06-01 09:58:12,2022-08-30 09:58:12,2022-09-20 09:58:12
ddqq,4,Currently Owned,,https://opensea.io/assets/0x57f1887a8bf19b14fc0df6fd9b2acc9af147ea85/61330614376659363210766315426929848427786670553538653883153523050849397780640,2022-05-03 04:38:54,2022-06-01 09:54:50,2022-08-30 09:54:50,2022-09-20 09:54:50
ddrr,4,Never Registered,,https://app.ens.domains/name/ddrr.eth/register,,,,
ddss,4,Currently Owned,,https://opensea.io/assets/0x57f1887a8bf19b14fc0df6fd9b2acc9af147ea85/22420447333383766861432475562233321731024249665923942009123784808534407367896,2022-01-25 14:55:00,2023-01-25 20:44:12,2023-04-25 20:44:12,2023-05-16 20:44:12
ddtt,4,Never Registered,,https://app.ens.domains/name/ddtt.eth/register,,,,
dduu,4,Never Registered,,https://app.ens.domains/name/dduu.eth/register,,,,
ddvv,4,Never Registered,,https://app.ens.domains/name/ddvv.eth/register,,,,
ddww,4,Never Registered,,https://app.ens.domains/name/ddww.eth/register,,,,
ddxx,4,Never Registered,,https://app.ens.domains/name/ddxx.eth/register,,,,
ddyy,4,Never Registered,,https://app.ens.domains/name/ddyy.eth/register,,,,
ddzz,4,Never Registered,,https://app.ens.domains/name/ddzz.eth/register,,,,
eeaa,4,Never Registered,,https://app.ens.domains/name/eeaa.eth/register,,,,
eebb,4,Never Registered,,https://app.ens.domains/name/eebb.eth/register,,,,
eecc,4,Never Registered,,https://app.ens.domains/name/eecc.eth/register,,,,
eedd,4,Never Registered,,https://app.ens.domains/name/eedd.eth/register,,,,
eeff,4,Currently Owned,,https://opensea.io/assets/0x57f1887a8bf19b14fc0df6fd9b2acc9af147ea85/99472805980711742992436093862613763359453672625695729187615822420551252827231,2022-05-01 08:27:29,2023-05-01 14:16:41,2023-07-30 14:16:41,2023-08-20 14:16:41
eegg,4,Never Registered,,https://app.ens.domains/name/eegg.eth/register,,,,
eehh,4,Currently Owned,,https://opensea.io/assets/0x57f1887a8bf19b14fc0df6fd9b2acc9af147ea85/15670727372798021391280410056227868520583761979487890552714837856516435308933,2022-04-30 13:17:49,2022-05-28 16:15:54,2022-08-26 16:15:54,2022-09-16 16:15:54
eeii,4,Never Registered,,https://app.ens.domains/name/eeii.eth/register,,,,
eejj,4,Never Registered,,https://app.ens.domains/name/eejj.eth/register,,,,
eekk,4,Never Registered,,https://app.ens.domains/name/eekk.eth/register,,,,
eell,4,Never Registered,,https://app.ens.domains/name/eell.eth/register,,,,
eemm,4,Never Registered,,https://app.ens.domains/name/eemm.eth/register,,,,
eenn,4,Never Registered,,https://app.ens.domains/name/eenn.eth/register,,,,
eeoo,4,Never Registered,,https://app.ens.domains/name/eeoo.eth/register,,,,
eepp,4,Never Registered,,https://app.ens.domains/name/eepp.eth/register,,,,
eeqq,4,Never Registered,,https://app.ens.domains/name/eeqq.eth/register,,,,
eerr,4,Never Registered,,https://app.ens.domains/name/eerr.eth/register,,,,
eess,4,Never Registered,,https://app.ens.domains/name/eess.eth/register,,,,
eett,4,Never Registered,,https://app.ens.domains/name/eett.eth/register,,,,
eeuu,4,Currently Owned,,https://opensea.io/assets/0x57f1887a8bf19b14fc0df6fd9b2acc9af147ea85/13869780099168626365190713458319547280315333321813625984859208849596394785255,2020-10-14 23:07:14,2022-10-15 10:45:38,2023-01-13 10:45:38,2023-02-03 10:45:38
eevv,4,Never Registered,,https://app.ens.domains/name/eevv.eth/register,,,,
eeww,4,Never Registered,,https://app.ens.domains/name/eeww.eth/register,,,,
eexx,4,Never Registered,,https://app.ens.domains/name/eexx.eth/register,,,,
eeyy,4,Never Registered,,https://app.ens.domains/name/eeyy.eth/register,,,,
eezz,4,Currently Owned,,https://opensea.io/assets/0x57f1887a8bf19b14fc0df6fd9b2acc9af147ea85/105445930794259376967888031168289147726977922060126935669373551101064344183830,2022-04-30 15:32:22,2023-04-30 21:21:34,2023-07-29 21:21:34,2023-08-19 21:21:34
ffaa,4,Never Registered,,https://app.ens.domains/name/ffaa.eth/register,,,,
ffbb,4,Never Registered,,https://app.ens.domains/name/ffbb.eth/register,,,,
ffcc,4,Currently Owned,,https://opensea.io/assets/0x57f1887a8bf19b14fc0df6fd9b2acc9af147ea85/101942342804590091981243344261034804072316024551893875958348935799113341584152,2022-05-01 07:43:49,2023-05-01 13:33:01,2023-07-30 13:33:01,2023-08-20 13:33:01
ffdd,4,Never Registered,,https://app.ens.domains/name/ffdd.eth/register,,,,
ffee,4,Never Registered,,https://app.ens.domains/name/ffee.eth/register,,,,
ffgg,4,Currently Owned,,https://opensea.io/assets/0x57f1887a8bf19b14fc0df6fd9b2acc9af147ea85/91163700594296313540537596016603203093466793074607763031419490855508025458149,2022-05-03 02:21:54,2022-06-01 07:37:50,2022-08-30 07:37:50,2022-09-20 07:37:50
ffhh,4,Never Registered,,https://app.ens.domains/name/ffhh.eth/register,,,,
ffii,4,Currently Owned,,https://opensea.io/assets/0x57f1887a8bf19b14fc0df6fd9b2acc9af147ea85/29822524514771495988837656720661715671274204849576859032882651034856332193987,2022-05-03 05:19:02,2022-06-01 10:34:58,2022-08-30 10:34:58,2022-09-20 10:34:58
ffjj,4,Never Registered,,https://app.ens.domains/name/ffjj.eth/register,,,,
ffkk,4,Currently Owned,,https://opensea.io/assets/0x57f1887a8bf19b14fc0df6fd9b2acc9af147ea85/15352207555875092539558344063816102658078381377398611036515163618245604081615,2022-05-02 21:16:45,2022-06-30 07:48:37,2022-09-28 07:48:37,2022-10-19 07:48:37
ffll,4,Never Registered,,https://app.ens.domains/name/ffll.eth/register,,,,
ffmm,4,Never Registered,,https://app.ens.domains/name/ffmm.eth/register,,,,
ffnn,4,Never Registered,,https://app.ens.domains/name/ffnn.eth/register,,,,
ffoo,4,Never Registered,,https://app.ens.domains/name/ffoo.eth/register,,,,
ffpp,4,Never Registered,,https://app.ens.domains/name/ffpp.eth/register,,,,
ffqq,4,Never Registered,,https://app.ens.domains/name/ffqq.eth/register,,,,
ffrr,4,Never Registered,,https://app.ens.domains/name/ffrr.eth/register,,,,
ffss,4,Never Registered,,https://app.ens.domains/name/ffss.eth/register,,,,
fftt,4,Never Registered,,https://app.ens.domains/name/fftt.eth/register,,,,
ffuu,4,Currently Owned,,https://opensea.io/assets/0x57f1887a8bf19b14fc0df6fd9b2acc9af147ea85/65093808706712127118268272766361272758148467460558129389821722351988585139964,2022-04-30 15:43:38,2023-04-30 21:32:50,2023-07-29 21:32:50,2023-08-19 21:32:50
ffvv,4,Never Registered,,https://app.ens.domains/name/ffvv.eth/register,,,,
ffww,4,Never Registered,,https://app.ens.domains/name/ffww.eth/register,,,,
ffxx,4,Never Registered,,https://app.ens.domains/name/ffxx.eth/register,,,,
ffyy,4,Never Registered,,https://app.ens.domains/name/ffyy.eth/register,,,,
ffzz,4,Never Registered,,https://app.ens.domains/name/ffzz.eth/register,,,,
ggaa,4,Never Registered,,https://app.ens.domains/name/ggaa.eth/register,,,,
ggbb,4,Never Registered,,https://app.ens.domains/name/ggbb.eth/register,,,,
ggcc,4,Currently Owned,,https://opensea.io/assets/0x57f1887a8bf19b14fc0df6fd9b2acc9af147ea85/5322453274712601525807782515075078098667648606434486282706665442744985038181,2022-04-28 08:54:08,2024-04-27 20:32:32,2024-07-26 20:32:32,2024-08-16 20:32:32
ggdd,4,Never Registered,,https://app.ens.domains/name/ggdd.eth/register,,,,
ggee,4,Currently Owned,,https://opensea.io/assets/0x57f1887a8bf19b14fc0df6fd9b2acc9af147ea85/59226086420056174897698669356045000429767208790001076494742281269358328100579,2022-04-30 01:22:32,2024-04-29 13:00:56,2024-07-28 13:00:56,2024-08-18 13:00:56
ggff,4,Never Registered,,https://app.ens.domains/name/ggff.eth/register,,,,
gghh,4,Currently Owned,,https://opensea.io/assets/0x57f1887a8bf19b14fc0df6fd9b2acc9af147ea85/86327197070450573987625392952240103566879357316580963271207547566552010259517,2022-05-03 03:40:23,2022-06-01 08:56:19,2022-08-30 08:56:19,2022-09-20 08:56:19
ggii,4,Never Registered,,https://app.ens.domains/name/ggii.eth/register,,,,
ggjj,4,Never Registered,,https://app.ens.domains/name/ggjj.eth/register,,,,
ggkk,4,Never Registered,,https://app.ens.domains/name/ggkk.eth/register,,,,
ggll,4,Currently Owned,,https://opensea.io/assets/0x57f1887a8bf19b14fc0df6fd9b2acc9af147ea85/103461143977879269829975373343085973880360089000651918319614751749501013686903,2022-05-04 02:54:31,2022-06-01 05:52:36,2022-08-30 05:52:36,2022-09-20 05:52:36
ggmm,4,Currently Owned,,https://opensea.io/assets/0x57f1887a8bf19b14fc0df6fd9b2acc9af147ea85/73247287092788152220191913892124987516736577632298786776149924188840865052516,2022-05-01 13:11:59,2023-05-01 19:01:11,2023-07-30 19:01:11,2023-08-20 19:01:11
ggnn,4,Currently Owned,,https://opensea.io/assets/0x57f1887a8bf19b14fc0df6fd9b2acc9af147ea85/25603083429067349427464006753066908198488285530156676146294159252277453146412,2022-05-03 06:20:06,2022-06-08 18:55:01,2022-09-06 18:55:01,2022-09-27 18:55:01
ggoo,4,Currently Owned,,https://opensea.io/assets/0x57f1887a8bf19b14fc0df6fd9b2acc9af147ea85/43516845662453213909498465853869801072923809806996492980117609821311748005268,2022-05-03 22:06:40,2023-05-04 03:55:52,2023-08-02 03:55:52,2023-08-23 03:55:52
ggpp,4,Never Registered,,https://app.ens.domains/name/ggpp.eth/register,,,,
ggqq,4,Currently Owned,,https://opensea.io/assets/0x57f1887a8bf19b14fc0df6fd9b2acc9af147ea85/55088809092689248358555445552391737955724737077395015201289255942861662468757,2022-05-03 04:52:41,2022-06-01 10:08:37,2022-08-30 10:08:37,2022-09-20 10:08:37
ggrr,4,Never Registered,,https://app.ens.domains/name/ggrr.eth/register,,,,
ggss,4,Never Registered,,https://app.ens.domains/name/ggss.eth/register,,,,
ggtt,4,Never Registered,,https://app.ens.domains/name/ggtt.eth/register,,,,
gguu,4,Never Registered,,https://app.ens.domains/name/gguu.eth/register,,,,
ggvv,4,Never Registered,,https://app.ens.domains/name/ggvv.eth/register,,,,
ggww,4,Never Registered,,https://app.ens.domains/name/ggww.eth/register,,,,
ggxx,4,Never Registered,,https://app.ens.domains/name/ggxx.eth/register,,,,
ggyy,4,Currently Owned,,https://opensea.io/assets/0x57f1887a8bf19b14fc0df6fd9b2acc9af147ea85/46718862427136257272091351287320235085203310144965778289723926777872977444369,2021-11-11 01:19:48,2022-11-11 07:09:00,2023-02-09 07:09:00,2023-03-02 07:09:00
ggzz,4,Never Registered,,https://app.ens.domains/name/ggzz.eth/register,,,,
hhaa,4,Never Registered,,https://app.ens.domains/name/hhaa.eth/register,,,,
hhbb,4,Currently Owned,,https://opensea.io/assets/0x57f1887a8bf19b14fc0df6fd9b2acc9af147ea85/54096290009256462258989586535094768915174779000284611483589439027287630278280,2022-04-29 23:00:30,2023-04-30 04:49:42,2023-07-29 04:49:42,2023-08-19 04:49:42
hhcc,4,Never Registered,,https://app.ens.domains/name/hhcc.eth/register,,,,
hhdd,4,Never Registered,,https://app.ens.domains/name/hhdd.eth/register,,,,
hhee,4,Never Registered,,https://app.ens.domains/name/hhee.eth/register,,,,
hhff,4,Currently Owned,,https://opensea.io/assets/0x57f1887a8bf19b14fc0df6fd9b2acc9af147ea85/78979268202295816267446352062091730969449003930326051749106954497128661633275,2021-09-12 06:13:13,2022-09-12 12:02:25,2022-12-11 12:02:25,2023-01-01 12:02:25
hhgg,4,Never Registered,,https://app.ens.domains/name/hhgg.eth/register,,,,
hhii,4,Currently Owned,,https://opensea.io/assets/0x57f1887a8bf19b14fc0df6fd9b2acc9af147ea85/34990844014335185784597952347118705289065846764546509298613415584068732487406,2022-04-30 10:54:03,2022-06-24 05:46:25,2022-09-22 05:46:25,2022-10-13 05:46:25
hhjj,4,Never Registered,,https://app.ens.domains/name/hhjj.eth/register,,,,
hhkk,4,Never Registered,,https://app.ens.domains/name/hhkk.eth/register,,,,
hhll,4,Never Registered,,https://app.ens.domains/name/hhll.eth/register,,,,
hhmm,4,Never Registered,,https://app.ens.domains/name/hhmm.eth/register,,,,
hhnn,4,Currently Owned,,https://opensea.io/assets/0x57f1887a8bf19b14fc0df6fd9b2acc9af147ea85/5894017341225737249105265470331162440209608991331175516513625455684786836250,2022-05-03 02:48:35,2022-06-08 15:23:30,2022-09-06 15:23:30,2022-09-27 15:23:30
hhoo,4,Never Registered,,https://app.ens.domains/name/hhoo.eth/register,,,,
hhpp,4,Never Registered,,https://app.ens.domains/name/hhpp.eth/register,,,,
hhqq,4,Never Registered,,https://app.ens.domains/name/hhqq.eth/register,,,,
hhrr,4,Never Registered,,https://app.ens.domains/name/hhrr.eth/register,,,,
hhss,4,Never Registered,,https://app.ens.domains/name/hhss.eth/register,,,,
hhtt,4,Never Registered,,https://app.ens.domains/name/hhtt.eth/register,,,,
hhuu,4,Never Registered,,https://app.ens.domains/name/hhuu.eth/register,,,,
hhvv,4,Never Registered,,https://app.ens.domains/name/hhvv.eth/register,,,,
hhww,4,Never Registered,,https://app.ens.domains/name/hhww.eth/register,,,,
hhxx,4,Never Registered,,https://app.ens.domains/name/hhxx.eth/register,,,,
hhyy,4,Never Registered,,https://app.ens.domains/name/hhyy.eth/register,,,,
hhzz,4,Never Registered,,https://app.ens.domains/name/hhzz.eth/register,,,,
iiaa,4,Never Registered,,https://app.ens.domains/name/iiaa.eth/register,,,,
iibb,4,Never Registered,,https://app.ens.domains/name/iibb.eth/register,,,,
iicc,4,Currently Owned,,https://opensea.io/assets/0x57f1887a8bf19b14fc0df6fd9b2acc9af147ea85/38877356918904002321536460170562930883740960306772844202230774752911462372132,2021-04-26 19:19:50,2024-04-26 12:47:26,2024-07-25 12:47:26,2024-08-15 12:47:26
iidd,4,Never Registered,,https://app.ens.domains/name/iidd.eth/register,,,,
iiee,4,Never Registered,,https://app.ens.domains/name/iiee.eth/register,,,,
iiff,4,Never Registered,,https://app.ens.domains/name/iiff.eth/register,,,,
iigg,4,Currently Owned,,https://opensea.io/assets/0x57f1887a8bf19b14fc0df6fd9b2acc9af147ea85/33715555219383483860612441350425433059831103518619064652208045345337352801228,2022-05-02 03:01:06,2023-05-02 08:50:18,2023-07-31 08:50:18,2023-08-21 08:50:18
iihh,4,Never Registered,,https://app.ens.domains/name/iihh.eth/register,,,,
iijj,4,Never Registered,,https://app.ens.domains/name/iijj.eth/register,,,,
iikk,4,Never Registered,,https://app.ens.domains/name/iikk.eth/register,,,,
iill,4,Currently Owned,,https://opensea.io/assets/0x57f1887a8bf19b14fc0df6fd9b2acc9af147ea85/73999010788371306552344351691011233028289348115408233185876531260088461876883,2022-04-25 01:17:04,2023-04-25 07:06:16,2023-07-24 07:06:16,2023-08-14 07:06:16
iimm,4,Never Registered,,https://app.ens.domains/name/iimm.eth/register,,,,
iinn,4,Never Registered,,https://app.ens.domains/name/iinn.eth/register,,,,
iioo,4,Never Registered,,https://app.ens.domains/name/iioo.eth/register,,,,
iipp,4,Never Registered,,https://app.ens.domains/name/iipp.eth/register,,,,
iiqq,4,Never Registered,,https://app.ens.domains/name/iiqq.eth/register,,,,
iirr,4,Never Registered,,https://app.ens.domains/name/iirr.eth/register,,,,
iiss,4,Never Registered,,https://app.ens.domains/name/iiss.eth/register,,,,
iitt,4,Never Registered,,https://app.ens.domains/name/iitt.eth/register,,,,
iiuu,4,Never Registered,,https://app.ens.domains/name/iiuu.eth/register,,,,
iivv,4,Never Registered,,https://app.ens.domains/name/iivv.eth/register,,,,
iiww,4,Never Registered,,https://app.ens.domains/name/iiww.eth/register,,,,
iixx,4,Never Registered,,https://app.ens.domains/name/iixx.eth/register,,,,
iiyy,4,Never Registered,,https://app.ens.domains/name/iiyy.eth/register,,,,
iizz,4,Never Registered,,https://app.ens.domains/name/iizz.eth/register,,,,
jjaa,4,Never Registered,,https://app.ens.domains/name/jjaa.eth/register,,,,
jjbb,4,Never Registered,,https://app.ens.domains/name/jjbb.eth/register,,,,
jjcc,4,Never Registered,,https://app.ens.domains/name/jjcc.eth/register,,,,
jjdd,4,Never Registered,,https://app.ens.domains/name/jjdd.eth/register,,,,
jjee,4,Never Registered,,https://app.ens.domains/name/jjee.eth/register,,,,
jjff,4,Never Registered,,https://app.ens.domains/name/jjff.eth/register,,,,
jjgg,4,Never Registered,,https://app.ens.domains/name/jjgg.eth/register,,,,
jjhh,4,Never Registered,,https://app.ens.domains/name/jjhh.eth/register,,,,
jjii,4,Never Registered,,https://app.ens.domains/name/jjii.eth/register,,,,
jjkk,4,Currently Owned,,https://opensea.io/assets/0x57f1887a8bf19b14fc0df6fd9b2acc9af147ea85/17279723709420659236402849014660861587933752594440414271380207725534955423078,2022-04-28 11:43:50,2023-04-28 17:33:02,2023-07-27 17:33:02,2023-08-17 17:33:02
jjll,4,Never Registered,,https://app.ens.domains/name/jjll.eth/register,,,,
jjmm,4,Never Registered,,https://app.ens.domains/name/jjmm.eth/register,,,,
jjnn,4,Never Registered,,https://app.ens.domains/name/jjnn.eth/register,,,,
jjoo,4,Never Registered,,https://app.ens.domains/name/jjoo.eth/register,,,,
jjpp,4,Never Registered,,https://app.ens.domains/name/jjpp.eth/register,,,,
jjqq,4,Never Registered,,https://app.ens.domains/name/jjqq.eth/register,,,,
jjrr,4,Never Registered,,https://app.ens.domains/name/jjrr.eth/register,,,,
jjss,4,Currently Owned,,https://opensea.io/assets/0x57f1887a8bf19b14fc0df6fd9b2acc9af147ea85/59903304534433665492334280454945048828443111435191226672947139036302266159189,2022-05-06 13:53:44,2024-05-06 01:32:08,2024-08-04 01:32:08,2024-08-25 01:32:08
jjtt,4,Never Registered,,https://app.ens.domains/name/jjtt.eth/register,,,,
jjuu,4,Never Registered,,https://app.ens.domains/name/jjuu.eth/register,,,,
jjvv,4,Never Registered,,https://app.ens.domains/name/jjvv.eth/register,,,,
jjww,4,Never Registered,,https://app.ens.domains/name/jjww.eth/register,,,,
jjxx,4,Never Registered,,https://app.ens.domains/name/jjxx.eth/register,,,,
jjyy,4,Currently Owned,,https://opensea.io/assets/0x57f1887a8bf19b14fc0df6fd9b2acc9af147ea85/30362784464791974861795130723656305959349755185825291936259216989569797855554,2022-05-05 09:26:14,2024-05-04 21:04:38,2024-08-02 21:04:38,2024-08-23 21:04:38
jjzz,4,Never Registered,,https://app.ens.domains/name/jjzz.eth/register,,,,
kkaa,4,Never Registered,,https://app.ens.domains/name/kkaa.eth/register,,,,
kkbb,4,Never Registered,,https://app.ens.domains/name/kkbb.eth/register,,,,
kkcc,4,Never Registered,,https://app.ens.domains/name/kkcc.eth/register,,,,
kkdd,4,Currently Owned,,https://opensea.io/assets/0x57f1887a8bf19b14fc0df6fd9b2acc9af147ea85/51185202698590957159500599168657079045254805789590591831586327870595900300059,2021-12-13 14:45:11,2023-12-14 02:23:35,2024-03-13 02:23:35,2024-04-03 02:23:35
kkee,4,Never Registered,,https://app.ens.domains/name/kkee.eth/register,,,,
kkff,4,Never Registered,,https://app.ens.domains/name/kkff.eth/register,,,,
kkgg,4,Never Registered,,https://app.ens.domains/name/kkgg.eth/register,,,,
kkhh,4,Never Registered,,https://app.ens.domains/name/kkhh.eth/register,,,,
kkii,4,Currently Owned,,https://opensea.io/assets/0x57f1887a8bf19b14fc0df6fd9b2acc9af147ea85/97373846746012133509903204516175173142309827743376937184746156128846679863917,2022-05-04 02:46:25,2022-06-02 08:02:21,2022-08-31 08:02:21,2022-09-21 08:02:21
kkjj,4,Currently Owned,,https://opensea.io/assets/0x57f1887a8bf19b14fc0df6fd9b2acc9af147ea85/32310685238714161196411066725677219612322805479311791190511177796686504118130,2022-04-28 06:46:18,2023-04-28 12:35:30,2023-07-27 12:35:30,2023-08-17 12:35:30
kkll,4,Currently Owned,,https://opensea.io/assets/0x57f1887a8bf19b14fc0df6fd9b2acc9af147ea85/8306250273736172009106012360565857062002962922563678650281075457379023545339,2022-05-03 03:45:44,2022-06-01 09:01:40,2022-08-30 09:01:40,2022-09-20 09:01:40
kkmm,4,Currently Owned,,https://opensea.io/assets/0x57f1887a8bf19b14fc0df6fd9b2acc9af147ea85/11613774499494893531825665346413306797893865672137730600257278246841329771937,2022-05-01 21:58:47,2023-05-02 03:47:59,2023-07-31 03:47:59,2023-08-21 03:47:59
kknn,4,Never Registered,,https://app.ens.domains/name/kknn.eth/register,,,,
kkoo,4,Currently Owned,,https://opensea.io/assets/0x57f1887a8bf19b14fc0df6fd9b2acc9af147ea85/111085727225063098649924233549025242338413072742194334375353169011853165140917,2022-05-03 03:15:20,2023-05-03 09:04:32,2023-08-01 09:04:32,2023-08-22 09:04:32
kkpp,4,Never Registered,,https://app.ens.domains/name/kkpp.eth/register,,,,
kkqq,4,Currently Owned,,https://opensea.io/assets/0x57f1887a8bf19b14fc0df6fd9b2acc9af147ea85/60636673358802448761832587569468479307084632929377227765568594565603938629045,2022-04-28 07:33:38,2023-04-28 13:22:50,2023-07-27 13:22:50,2023-08-17 13:22:50
kkrr,4,Never Registered,,https://app.ens.domains/name/kkrr.eth/register,,,,
kkss,4,Never Registered,,https://app.ens.domains/name/kkss.eth/register,,,,
kktt,4,Never Registered,,https://app.ens.domains/name/kktt.eth/register,,,,
kkuu,4,Never Registered,,https://app.ens.domains/name/kkuu.eth/register,,,,
kkvv,4,Never Registered,,https://app.ens.domains/name/kkvv.eth/register,,,,
kkww,4,Never Registered,,https://app.ens.domains/name/kkww.eth/register,,,,
kkxx,4,Never Registered,,https://app.ens.domains/name/kkxx.eth/register,,,,
kkyy,4,Currently Owned,,https://opensea.io/assets/0x57f1887a8bf19b14fc0df6fd9b2acc9af147ea85/57216788360107427260084040045842081598741094789525847970837651621994955344015,2022-04-22 05:56:39,2023-04-22 11:45:51,2023-07-21 11:45:51,2023-08-11 11:45:51
kkzz,4,Never Registered,,https://app.ens.domains/name/kkzz.eth/register,,,,
llaa,4,Never Registered,,https://app.ens.domains/name/llaa.eth/register,,,,
llbb,4,Never Registered,,https://app.ens.domains/name/llbb.eth/register,,,,
llcc,4,Never Registered,,https://app.ens.domains/name/llcc.eth/register,,,,
lldd,4,Never Registered,,https://app.ens.domains/name/lldd.eth/register,,,,
llee,4,Currently Owned,,https://opensea.io/assets/0x57f1887a8bf19b14fc0df6fd9b2acc9af147ea85/37987428589579219253221843813417590426019768149961933140917027248151598606548,2022-05-01 20:26:21,2023-05-02 02:15:33,2023-07-31 02:15:33,2023-08-21 02:15:33
llff,4,Never Registered,,https://app.ens.domains/name/llff.eth/register,,,,
llgg,4,Never Registered,,https://app.ens.domains/name/llgg.eth/register,,,,
llhh,4,Never Registered,,https://app.ens.domains/name/llhh.eth/register,,,,
llii,4,Currently Owned,,https://opensea.io/assets/0x57f1887a8bf19b14fc0df6fd9b2acc9af147ea85/69696862825634969824344175392377811191208610236440505509031750073346099808838,2022-05-03 05:00:27,2023-05-03 10:49:39,2023-08-01 10:49:39,2023-08-22 10:49:39
lljj,4,Never Registered,,https://app.ens.domains/name/lljj.eth/register,,,,
llkk,4,Never Registered,,https://app.ens.domains/name/llkk.eth/register,,,,
llmm,4,Currently Owned,,https://opensea.io/assets/0x57f1887a8bf19b14fc0df6fd9b2acc9af147ea85/68642168249420678203664600760913393850948012848943526044923434745759353564382,2022-04-28 11:18:16,2023-04-28 17:07:28,2023-07-27 17:07:28,2023-08-17 17:07:28
llnn,4,Never Registered,,https://app.ens.domains/name/llnn.eth/register,,,,
lloo,4,Currently Owned,,https://opensea.io/assets/0x57f1887a8bf19b14fc0df6fd9b2acc9af147ea85/77946345134188152965615618933368378306444413207538013055181017933449391286088,2022-05-02 03:07:08,2022-06-07 15:42:03,2022-09-05 15:42:03,2022-09-26 15:42:03
llpp,4,Never Registered,,https://app.ens.domains/name/llpp.eth/register,,,,
llqq,4,Never Registered,,https://app.ens.domains/name/llqq.eth/register,,,,
llrr,4,Never Registered,,https://app.ens.domains/name/llrr.eth/register,,,,
llss,4,Never Registered,,https://app.ens.domains/name/llss.eth/register,,,,
lltt,4,Never Registered,,https://app.ens.domains/name/lltt.eth/register,,,,
lluu,4,Currently Owned,,https://opensea.io/assets/0x57f1887a8bf19b14fc0df6fd9b2acc9af147ea85/79569393352429515863268585015539283255923577325346412128082481834533513914387,2022-05-01 08:29:26,2023-05-01 14:18:38,2023-07-30 14:18:38,2023-08-20 14:18:38
llvv,4,Currently Owned,,https://opensea.io/assets/0x57f1887a8bf19b14fc0df6fd9b2acc9af147ea85/32076805613061298636125672218574002644010366224038770501983345915013685238531,2022-05-03 02:57:01,2022-06-08 15:31:56,2022-09-06 15:31:56,2022-09-27 15:31:56
llww,4,Never Registered,,https://app.ens.domains/name/llww.eth/register,,,,
llxx,4,Never Registered,,https://app.ens.domains/name/llxx.eth/register,,,,
llyy,4,Currently Owned,,https://opensea.io/assets/0x57f1887a8bf19b14fc0df6fd9b2acc9af147ea85/48348386639870171146080941253763038256152495208012696000574810568851820344956,2022-05-05 10:05:46,2023-05-05 15:54:58,2023-08-03 15:54:58,2023-08-24 15:54:58
llzz,4,Never Registered,,https://app.ens.domains/name/llzz.eth/register,,,,
mmaa,4,Currently Owned,,https://opensea.io/assets/0x57f1887a8bf19b14fc0df6fd9b2acc9af147ea85/74495144327819367282974031855536060959800809332667045248339246479075226784269,2022-05-07 09:29:40,2022-06-12 22:04:35,2022-09-10 22:04:35,2022-10-01 22:04:35
mmbb,4,Never Registered,,https://app.ens.domains/name/mmbb.eth/register,,,,
mmcc,4,Never Registered,,https://app.ens.domains/name/mmcc.eth/register,,,,
mmdd,4,Never Registered,,https://app.ens.domains/name/mmdd.eth/register,,,,
mmee,4,Currently Owned,,https://opensea.io/assets/0x57f1887a8bf19b14fc0df6fd9b2acc9af147ea85/3356230873156238201585097666615300949816965312964572194782732156929217875153,2022-04-30 03:49:29,2023-04-30 09:38:41,2023-07-29 09:38:41,2023-08-19 09:38:41
mmff,4,Currently Owned,,https://opensea.io/assets/0x57f1887a8bf19b14fc0df6fd9b2acc9af147ea85/109409442854618279904761245409483598239629513376671726744882419009121780164523,2022-05-02 21:47:52,2023-05-03 03:37:04,2023-08-01 03:37:04,2023-08-22 03:37:04
mmgg,4,Currently Owned,,https://opensea.io/assets/0x57f1887a8bf19b14fc0df6fd9b2acc9af147ea85/71513895743261730263686589356292972383552145493350595837065761492521778901856,2022-05-02 21:41:02,2023-05-03 03:30:14,2023-08-01 03:30:14,2023-08-22 03:30:14
mmhh,4,Never Registered,,https://app.ens.domains/name/mmhh.eth/register,,,,
mmii,4,Currently Owned,,https://opensea.io/assets/0x57f1887a8bf19b14fc0df6fd9b2acc9af147ea85/36777341638882043131057385958630980084051593774236918445891380783338728902608,2022-04-29 03:38:08,2022-07-11 04:47:58,2022-10-09 04:47:58,2022-10-30 04:47:58
mmjj,4,Currently Owned,,https://opensea.io/assets/0x57f1887a8bf19b14fc0df6fd9b2acc9af147ea85/101736675611403650747898034411408954741453898899594245361305855417872311804276,2022-05-02 10:13:19,2023-05-02 16:02:31,2023-07-31 16:02:31,2023-08-21 16:02:31
mmkk,4,Currently Owned,,https://opensea.io/assets/0x57f1887a8bf19b14fc0df6fd9b2acc9af147ea85/72058934296913599201231138265523005973607491429095819726160728336721062197130,2022-05-03 07:24:51,2022-07-29 23:12:39,2022-10-27 23:12:39,2022-11-17 23:12:39
mmll,4,Never Registered,,https://app.ens.domains/name/mmll.eth/register,,,,
mmnn,4,Currently Owned,,https://opensea.io/assets/0x57f1887a8bf19b14fc0df6fd9b2acc9af147ea85/55000789930193516817882862195341278852906036817994067290360965552262098847835,2022-05-03 03:48:55,2022-06-01 09:04:51,2022-08-30 09:04:51,2022-09-20 09:04:51
mmoo,4,Currently Owned,,https://opensea.io/assets/0x57f1887a8bf19b14fc0df6fd9b2acc9af147ea85/73341181141596690023952037061629328542840044980276434123891248765829351078067,2022-05-07 09:32:28,2022-06-12 22:07:23,2022-09-10 22:07:23,2022-10-01 22:07:23
mmpp,4,Never Registered,,https://app.ens.domains/name/mmpp.eth/register,,,,
mmqq,4,Never Registered,,https://app.ens.domains/name/mmqq.eth/register,,,,
mmrr,4,Never Registered,,https://app.ens.domains/name/mmrr.eth/register,,,,
mmss,4,Currently Owned,,https://opensea.io/assets/0x57f1887a8bf19b14fc0df6fd9b2acc9af147ea85/40499422068360719021494534601008905744031905224299536002179649600468559681295,2022-05-04 03:03:11,2022-06-01 06:01:16,2022-08-30 06:01:16,2022-09-20 06:01:16
mmtt,4,Never Registered,,https://app.ens.domains/name/mmtt.eth/register,,,,
mmuu,4,Never Registered,,https://app.ens.domains/name/mmuu.eth/register,,,,
mmvv,4,Currently Owned,,https://opensea.io/assets/0x57f1887a8bf19b14fc0df6fd9b2acc9af147ea85/18303781476128150517210593804631371813962115652838084073887619960575946489724,2022-04-30 15:16:31,2022-05-28 18:14:36,2022-08-26 18:14:36,2022-09-16 18:14:36
mmww,4,Currently Owned,,https://opensea.io/assets/0x57f1887a8bf19b14fc0df6fd9b2acc9af147ea85/2180554656079083823345214138765750492208478585840101275976566051870237496764,2022-05-03 04:58:33,2022-06-01 10:14:29,2022-08-30 10:14:29,2022-09-20 10:14:29
mmxx,4,Currently Owned,,https://opensea.io/assets/0x57f1887a8bf19b14fc0df6fd9b2acc9af147ea85/28245480916087008571724032970422125279009695281123393019948303399041358270538,2021-11-05 04:42:19,2024-11-04 21:09:55,2025-02-02 21:09:55,2025-02-23 21:09:55
mmyy,4,Currently Owned,,https://opensea.io/assets/0x57f1887a8bf19b14fc0df6fd9b2acc9af147ea85/1391050860464815658887117721060802552011528639640579864232193620910662672765,2022-05-02 21:27:14,2022-06-08 21:27:14,2022-09-06 21:27:14,2022-09-27 21:27:14
mmzz,4,Never Registered,,https://app.ens.domains/name/mmzz.eth/register,,,,
nnaa,4,Never Registered,,https://app.ens.domains/name/nnaa.eth/register,,,,
nnbb,4,Never Registered,,https://app.ens.domains/name/nnbb.eth/register,,,,
nncc,4,Never Registered,,https://app.ens.domains/name/nncc.eth/register,,,,
nndd,4,Never Registered,,https://app.ens.domains/name/nndd.eth/register,,,,
nnee,4,Never Registered,,https://app.ens.domains/name/nnee.eth/register,,,,
nnff,4,Never Registered,,https://app.ens.domains/name/nnff.eth/register,,,,
nngg,4,Never Registered,,https://app.ens.domains/name/nngg.eth/register,,,,
nnhh,4,Never Registered,,https://app.ens.domains/name/nnhh.eth/register,,,,
nnii,4,Never Registered,,https://app.ens.domains/name/nnii.eth/register,,,,
nnjj,4,Never Registered,,https://app.ens.domains/name/nnjj.eth/register,,,,
nnkk,4,Never Registered,,https://app.ens.domains/name/nnkk.eth/register,,,,
nnll,4,Never Registered,,https://app.ens.domains/name/nnll.eth/register,,,,
nnmm,4,Currently Owned,,https://opensea.io/assets/0x57f1887a8bf19b14fc0df6fd9b2acc9af147ea85/77268929631389782048912963385137052445522212685663963369780351742455998942606,2022-05-03 02:27:44,2022-06-08 15:02:39,2022-09-06 15:02:39,2022-09-27 15:02:39
nnoo,4,Currently Owned,,https://opensea.io/assets/0x57f1887a8bf19b14fc0df6fd9b2acc9af147ea85/8132809883122119042831441353629898406562722730071901648968314157181543071092,2022-04-30 15:34:22,2022-05-28 18:32:27,2022-08-26 18:32:27,2022-09-16 18:32:27
nnpp,4,Never Registered,,https://app.ens.domains/name/nnpp.eth/register,,,,
nnqq,4,Never Registered,,https://app.ens.domains/name/nnqq.eth/register,,,,
nnrr,4,Never Registered,,https://app.ens.domains/name/nnrr.eth/register,,,,
nnss,4,Never Registered,,https://app.ens.domains/name/nnss.eth/register,,,,
nntt,4,Never Registered,,https://app.ens.domains/name/nntt.eth/register,,,,
nnuu,4,Currently Owned,,https://opensea.io/assets/0x57f1887a8bf19b14fc0df6fd9b2acc9af147ea85/20059889234258638439958823328423700121013101296552201499526619299077253813146,2022-04-29 15:32:57,2023-04-29 21:22:09,2023-07-28 21:22:09,2023-08-18 21:22:09
nnvv,4,Never Registered,,https://app.ens.domains/name/nnvv.eth/register,,,,
nnww,4,Never Registered,,https://app.ens.domains/name/nnww.eth/register,,,,
nnxx,4,Never Registered,,https://app.ens.domains/name/nnxx.eth/register,,,,
nnyy,4,Never Registered,,https://app.ens.domains/name/nnyy.eth/register,,,,
nnzz,4,Never Registered,,https://app.ens.domains/name/nnzz.eth/register,,,,
ooaa,4,Currently Owned,,https://opensea.io/assets/0x57f1887a8bf19b14fc0df6fd9b2acc9af147ea85/96519251584752809019874612451459723182085049280408411255644536202263234264507,2022-04-29 01:39:32,2023-04-29 07:28:44,2023-07-28 07:28:44,2023-08-18 07:28:44
oobb,4,Currently Owned,,https://opensea.io/assets/0x57f1887a8bf19b14fc0df6fd9b2acc9af147ea85/102920431542203479488711087921050734534063744745810331542149927060013606241473,2022-05-03 03:10:05,2022-06-01 08:26:01,2022-08-30 08:26:01,2022-09-20 08:26:01
oocc,4,Currently Owned,,https://opensea.io/assets/0x57f1887a8bf19b14fc0df6fd9b2acc9af147ea85/41779966081685146436769013544820580806185140902557669333742630740055813874610,2022-05-01 09:06:50,2023-05-01 14:56:02,2023-07-30 14:56:02,2023-08-20 14:56:02
oodd,4,Never Registered,,https://app.ens.domains/name/oodd.eth/register,,,,
ooee,4,Currently Owned,,https://opensea.io/assets/0x57f1887a8bf19b14fc0df6fd9b2acc9af147ea85/9950171151422871438948452501043209463107656452600951458303854706446995990534,2022-05-07 09:36:53,2022-06-12 22:11:48,2022-09-10 22:11:48,2022-10-01 22:11:48
ooff,4,Never Registered,,https://app.ens.domains/name/ooff.eth/register,,,,
oogg,4,Never Registered,,https://app.ens.domains/name/oogg.eth/register,,,,
oohh,4,Never Registered,,https://app.ens.domains/name/oohh.eth/register,,,,
ooii,4,Currently Owned,,https://opensea.io/assets/0x57f1887a8bf19b14fc0df6fd9b2acc9af147ea85/9160221248283874753078229605169732484276599283412140504893914057322434494379,2022-05-01 09:21:56,2023-05-01 15:11:08,2023-07-30 15:11:08,2023-08-20 15:11:08
oojj,4,Never Registered,,https://app.ens.domains/name/oojj.eth/register,,,,
ookk,4,Currently Owned,,https://opensea.io/assets/0x57f1887a8bf19b14fc0df6fd9b2acc9af147ea85/105473836923197885200175833836693033986566855139993753836916123981293175892263,2022-04-29 22:55:37,2023-04-30 04:44:49,2023-07-29 04:44:49,2023-08-19 04:44:49
ooll,4,Currently Owned,,https://opensea.io/assets/0x57f1887a8bf19b14fc0df6fd9b2acc9af147ea85/16706854482620596664048441914715453261445582392373173352480443680783077277120,2022-05-01 09:12:18,2023-05-01 15:01:30,2023-07-30 15:01:30,2023-08-20 15:01:30
oomm,4,Never Registered,,https://app.ens.domains/name/oomm.eth/register,,,,
oonn,4,Currently Owned,,https://opensea.io/assets/0x57f1887a8bf19b14fc0df6fd9b2acc9af147ea85/32637327645291837396185884621178545691547385246916607874193276723800211531126,2022-05-04 01:20:21,2023-05-04 07:09:33,2023-08-02 07:09:33,2023-08-23 07:09:33
oopp,4,Currently Owned,,https://opensea.io/assets/0x57f1887a8bf19b14fc0df6fd9b2acc9af147ea85/69630432639166395064239227239251739380569236423840885514326044345426698891066,2022-04-30 15:43:45,2023-04-30 21:32:57,2023-07-29 21:32:57,2023-08-19 21:32:57
ooqq,4,Currently Owned,,https://opensea.io/assets/0x57f1887a8bf19b14fc0df6fd9b2acc9af147ea85/67234798964718729418055534846717596422661426061066471756101548015055326631968,2022-05-07 09:43:49,2022-06-12 22:18:44,2022-09-10 22:18:44,2022-10-01 22:18:44
oorr,4,Never Registered,,https://app.ens.domains/name/oorr.eth/register,,,,
ooss,4,Currently Owned,,https://opensea.io/assets/0x57f1887a8bf19b14fc0df6fd9b2acc9af147ea85/39826483729013705053770401261135152255257523651595039931713085680499429726156,2022-05-04 03:00:37,2022-06-01 05:58:42,2022-08-30 05:58:42,2022-09-20 05:58:42
oott,4,Never Registered,,https://app.ens.domains/name/oott.eth/register,,,,
oouu,4,Never Registered,,https://app.ens.domains/name/oouu.eth/register,,,,
oovv,4,Currently Owned,,https://opensea.io/assets/0x57f1887a8bf19b14fc0df6fd9b2acc9af147ea85/111861545203185249255805913818246211991750026940297417022566890692225122310805,2021-12-01 19:48:15,2022-12-02 01:37:27,2023-03-02 01:37:27,2023-03-23 01:37:27
ooww,4,Never Registered,,https://app.ens.domains/name/ooww.eth/register,,,,
ooxx,4,Currently Owned,,https://opensea.io/assets/0x57f1887a8bf19b14fc0df6fd9b2acc9af147ea85/5073110015072458572166104932326683431792745567096741245184611369961118683665,2021-11-04 01:36:02,2022-11-04 07:25:14,2023-02-02 07:25:14,2023-02-23 07:25:14
ooyy,4,Never Registered,,https://app.ens.domains/name/ooyy.eth/register,,,,
oozz,4,Never Registered,,https://app.ens.domains/name/oozz.eth/register,,,,
ppaa,4,Never Registered,,https://app.ens.domains/name/ppaa.eth/register,,,,
ppbb,4,Currently Owned,,https://opensea.io/assets/0x57f1887a8bf19b14fc0df6fd9b2acc9af147ea85/28698752073364413020247113397054140813593903579981474763575320751122166891699,2022-05-01 04:32:42,2025-04-30 22:00:18,2025-07-29 22:00:18,2025-08-19 22:00:18
ppcc,4,Never Registered,,https://app.ens.domains/name/ppcc.eth/register,,,,
ppdd,4,Currently Owned,,https://opensea.io/assets/0x57f1887a8bf19b14fc0df6fd9b2acc9af147ea85/65321918240766122178760322920005416657777240054844413674912711142706640016865,2022-05-03 04:55:43,2022-06-01 10:11:39,2022-08-30 10:11:39,2022-09-20 10:11:39
ppee,4,Currently Owned,,https://opensea.io/assets/0x57f1887a8bf19b14fc0df6fd9b2acc9af147ea85/64536770469936286486229265811909362451816435524127329039304549228390649515859,2022-05-01 14:07:40,2023-05-01 19:56:52,2023-07-30 19:56:52,2023-08-20 19:56:52
ppff,4,Never Registered,,https://app.ens.domains/name/ppff.eth/register,,,,
ppgg,4,Currently Owned,,https://opensea.io/assets/0x57f1887a8bf19b14fc0df6fd9b2acc9af147ea85/21002302925024163480196544045645776868436907776353166626626871413661442652978,2022-05-03 03:21:11,2022-06-08 15:56:06,2022-09-06 15:56:06,2022-09-27 15:56:06
pphh,4,Never Registered,,https://app.ens.domains/name/pphh.eth/register,,,,
ppii,4,Currently Owned,,https://opensea.io/assets/0x57f1887a8bf19b14fc0df6fd9b2acc9af147ea85/250725554766201719634319974188540035930519699800515544284770279697148375466,2022-05-02 23:47:46,2023-05-03 05:36:58,2023-08-01 05:36:58,2023-08-22 05:36:58
ppjj,4,Never Registered,,https://app.ens.domains/name/ppjj.eth/register,,,,
ppkk,4,Never Registered,,https://app.ens.domains/name/ppkk.eth/register,,,,
ppll,4,Currently Owned,,https://opensea.io/assets/0x57f1887a8bf19b14fc0df6fd9b2acc9af147ea85/67174602644686384884359965535601911361270171123407071339427017019542774081954,2022-05-03 22:00:56,2022-06-02 03:16:52,2022-08-31 03:16:52,2022-09-21 03:16:52
ppmm,4,Never Registered,,https://app.ens.domains/name/ppmm.eth/register,,,,
ppnn,4,Never Registered,,https://app.ens.domains/name/ppnn.eth/register,,,,
ppoo,4,Currently Owned,,https://opensea.io/assets/0x57f1887a8bf19b14fc0df6fd9b2acc9af147ea85/103559205616847249204879001936818905934703943660933216871351112299990366300479,2022-05-01 07:50:41,2023-05-01 13:39:53,2023-07-30 13:39:53,2023-08-20 13:39:53
ppqq,4,Currently Owned,,https://opensea.io/assets/0x57f1887a8bf19b14fc0df6fd9b2acc9af147ea85/69977915606591328750460201073024236669212378979966105740272413852306692473873,2022-05-01 04:32:42,2025-04-30 22:00:18,2025-07-29 22:00:18,2025-08-19 22:00:18
pprr,4,Never Registered,,https://app.ens.domains/name/pprr.eth/register,,,,
ppss,4,Never Registered,,https://app.ens.domains/name/ppss.eth/register,,,,
pptt,4,Currently Owned,,https://opensea.io/assets/0x57f1887a8bf19b14fc0df6fd9b2acc9af147ea85/76155648165176886194811244364983883142405088533128546475896327320161087848415,2022-05-04 02:51:01,2022-06-01 05:49:06,2022-08-30 05:49:06,2022-09-20 05:49:06
ppuu,4,Never Registered,,https://app.ens.domains/name/ppuu.eth/register,,,,
ppvv,4,Never Registered,,https://app.ens.domains/name/ppvv.eth/register,,,,
ppww,4,Never Registered,,https://app.ens.domains/name/ppww.eth/register,,,,
ppxx,4,Never Registered,,https://app.ens.domains/name/ppxx.eth/register,,,,
ppyy,4,Never Registered,,https://app.ens.domains/name/ppyy.eth/register,,,,
ppzz,4,Currently Owned,,https://opensea.io/assets/0x57f1887a8bf19b14fc0df6fd9b2acc9af147ea85/94236778634771463333034661163116650282456167214629864508965295641767360772345,2022-05-04 03:03:11,2022-06-01 06:01:16,2022-08-30 06:01:16,2022-09-20 06:01:16
qqaa,4,Never Registered,,https://app.ens.domains/name/qqaa.eth/register,,,,
qqbb,4,Currently Owned,,https://opensea.io/assets/0x57f1887a8bf19b14fc0df6fd9b2acc9af147ea85/14380692598622747327512474345478841994001538510251349982107500972243784949662,2022-05-03 03:54:35,2022-06-01 09:10:31,2022-08-30 09:10:31,2022-09-20 09:10:31
qqcc,4,Never Registered,,https://app.ens.domains/name/qqcc.eth/register,,,,
qqdd,4,Currently Owned,,https://opensea.io/assets/0x57f1887a8bf19b14fc0df6fd9b2acc9af147ea85/7298147354231260847259065187898542790725162849797532585386856099834721794458,2022-05-03 04:00:11,2022-06-01 09:16:07,2022-08-30 09:16:07,2022-09-20 09:16:07
qqee,4,Never Registered,,https://app.ens.domains/name/qqee.eth/register,,,,
qqff,4,Never Registered,,https://app.ens.domains/name/qqff.eth/register,,,,
qqgg,4,Currently Owned,,https://opensea.io/assets/0x57f1887a8bf19b14fc0df6fd9b2acc9af147ea85/52027704155914589048647878987913815113111272140398774691837835938067797597543,2022-05-03 04:08:58,2022-06-01 09:24:54,2022-08-30 09:24:54,2022-09-20 09:24:54
qqhh,4,Never Registered,,https://app.ens.domains/name/qqhh.eth/register,,,,
qqii,4,Never Registered,,https://app.ens.domains/name/qqii.eth/register,,,,
qqjj,4,Never Registered,,https://app.ens.domains/name/qqjj.eth/register,,,,
qqkk,4,Never Registered,,https://app.ens.domains/name/qqkk.eth/register,,,,
qqll,4,Never Registered,,https://app.ens.domains/name/qqll.eth/register,,,,
qqmm,4,Never Registered,,https://app.ens.domains/name/qqmm.eth/register,,,,
qqnn,4,Never Registered,,https://app.ens.domains/name/qqnn.eth/register,,,,
qqoo,4,Never Registered,,https://app.ens.domains/name/qqoo.eth/register,,,,
qqpp,4,Currently Owned,,https://opensea.io/assets/0x57f1887a8bf19b14fc0df6fd9b2acc9af147ea85/37690453873143486339313658467807905009459111378861564420671329772360073830026,2022-04-30 15:45:05,2023-04-30 21:34:17,2023-07-29 21:34:17,2023-08-19 21:34:17
qqrr,4,Never Registered,,https://app.ens.domains/name/qqrr.eth/register,,,,
qqss,4,Never Registered,,https://app.ens.domains/name/qqss.eth/register,,,,
qqtt,4,Never Registered,,https://app.ens.domains/name/qqtt.eth/register,,,,
qquu,4,Never Registered,,https://app.ens.domains/name/qquu.eth/register,,,,
qqvv,4,Never Registered,,https://app.ens.domains/name/qqvv.eth/register,,,,
qqww,4,Currently Owned,,https://opensea.io/assets/0x57f1887a8bf19b14fc0df6fd9b2acc9af147ea85/78260470616666916816718481224788092546572441924912074411751695620916901596948,2022-05-07 08:52:46,2022-06-09 05:48:11,2022-09-07 05:48:11,2022-09-28 05:48:11
qqxx,4,Never Registered,,https://app.ens.domains/name/qqxx.eth/register,,,,
qqyy,4,Never Registered,,https://app.ens.domains/name/qqyy.eth/register,,,,
qqzz,4,Never Registered,,https://app.ens.domains/name/qqzz.eth/register,,,,
rraa,4,Never Registered,,https://app.ens.domains/name/rraa.eth/register,,,,
rrbb,4,Never Registered,,https://app.ens.domains/name/rrbb.eth/register,,,,
rrcc,4,Never Registered,,https://app.ens.domains/name/rrcc.eth/register,,,,
rrdd,4,Never Registered,,https://app.ens.domains/name/rrdd.eth/register,,,,
rree,4,Never Registered,,https://app.ens.domains/name/rree.eth/register,,,,
rrff,4,Never Registered,,https://app.ens.domains/name/rrff.eth/register,,,,
rrgg,4,Never Registered,,https://app.ens.domains/name/rrgg.eth/register,,,,
rrhh,4,Currently Owned,,https://opensea.io/assets/0x57f1887a8bf19b14fc0df6fd9b2acc9af147ea85/113258765445976977985011399637945296438086423262867517074794273990037730585921,2022-02-01 21:48:05,2024-02-02 09:26:29,2024-05-02 09:26:29,2024-05-23 09:26:29
rrii,4,Never Registered,,https://app.ens.domains/name/rrii.eth/register,,,,
rrjj,4,Never Registered,,https://app.ens.domains/name/rrjj.eth/register,,,,
rrkk,4,Never Registered,,https://app.ens.domains/name/rrkk.eth/register,,,,
rrll,4,Never Registered,,https://app.ens.domains/name/rrll.eth/register,,,,
rrmm,4,Never Registered,,https://app.ens.domains/name/rrmm.eth/register,,,,
rrnn,4,Never Registered,,https://app.ens.domains/name/rrnn.eth/register,,,,
rroo,4,Never Registered,,https://app.ens.domains/name/rroo.eth/register,,,,
rrpp,4,Never Registered,,https://app.ens.domains/name/rrpp.eth/register,,,,
rrqq,4,Never Registered,,https://app.ens.domains/name/rrqq.eth/register,,,,
rrss,4,Currently Owned,,https://opensea.io/assets/0x57f1887a8bf19b14fc0df6fd9b2acc9af147ea85/89332669814167250069677838879012744112121415971419776667230863960543269217774,2022-05-03 04:14:46,2022-06-01 09:30:42,2022-08-30 09:30:42,2022-09-20 09:30:42
rrtt,4,Never Registered,,https://app.ens.domains/name/rrtt.eth/register,,,,
rruu,4,Never Registered,,https://app.ens.domains/name/rruu.eth/register,,,,
rrvv,4,Never Registered,,https://app.ens.domains/name/rrvv.eth/register,,,,
rrww,4,Never Registered,,https://app.ens.domains/name/rrww.eth/register,,,,
rrxx,4,Never Registered,,https://app.ens.domains/name/rrxx.eth/register,,,,
rryy,4,Never Registered,,https://app.ens.domains/name/rryy.eth/register,,,,
rrzz,4,Never Registered,,https://app.ens.domains/name/rrzz.eth/register,,,,
ssaa,4,Currently Owned,,https://opensea.io/assets/0x57f1887a8bf19b14fc0df6fd9b2acc9af147ea85/57692191651993885999878645657472973321493492329801358779327144028100158292344,2022-05-01 08:05:32,2023-05-01 13:54:44,2023-07-30 13:54:44,2023-08-20 13:54:44
ssbb,4,Never Registered,,https://app.ens.domains/name/ssbb.eth/register,,,,
sscc,4,Currently Owned,,https://opensea.io/assets/0x57f1887a8bf19b14fc0df6fd9b2acc9af147ea85/27688443472684159693246585707743395803152790784443489528284570245154289591925,2022-05-07 08:13:55,2023-05-07 14:03:07,2023-08-05 14:03:07,2023-08-26 14:03:07
ssdd,4,On Grace Period,,https://app.ens.domains/name/ssdd.eth/register,2021-04-12 20:49:17,2022-04-13 02:38:29,2022-07-12 02:38:29,2022-08-02 02:38:29
ssee,4,Currently Owned,,https://opensea.io/assets/0x57f1887a8bf19b14fc0df6fd9b2acc9af147ea85/68005139270489855144599811911205417696993639503277270247710006634761921226550,2022-05-01 13:41:03,2023-05-01 19:30:15,2023-07-30 19:30:15,2023-08-20 19:30:15
ssff,4,Never Registered,,https://app.ens.domains/name/ssff.eth/register,,,,
ssgg,4,Never Registered,,https://app.ens.domains/name/ssgg.eth/register,,,,
sshh,4,Currently Owned,,https://opensea.io/assets/0x57f1887a8bf19b14fc0df6fd9b2acc9af147ea85/59546607813245026615994666699016556300909351847056657534993242690618301846515,2022-04-30 13:14:26,2022-05-28 16:12:31,2022-08-26 16:12:31,2022-09-16 16:12:31
ssii,4,Currently Owned,,https://opensea.io/assets/0x57f1887a8bf19b14fc0df6fd9b2acc9af147ea85/88787879051433465664444056811436450953757221477526711320752204178634395712517,2022-05-01 23:32:01,2024-05-01 11:10:25,2024-07-30 11:10:25,2024-08-20 11:10:25
ssjj,4,Currently Owned,,https://opensea.io/assets/0x57f1887a8bf19b14fc0df6fd9b2acc9af147ea85/63388771697396466939571023293839079413813301492590338267180048029614608957975,2022-01-24 08:50:10,2023-01-24 14:39:22,2023-04-24 14:39:22,2023-05-15 14:39:22
sskk,4,Never Registered,,https://app.ens.domains/name/sskk.eth/register,,,,
ssll,4,Never Registered,,https://app.ens.domains/name/ssll.eth/register,,,,
ssmm,4,Never Registered,,https://app.ens.domains/name/ssmm.eth/register,,,,
ssnn,4,Never Registered,,https://app.ens.domains/name/ssnn.eth/register,,,,
ssoo,4,Currently Owned,,https://opensea.io/assets/0x57f1887a8bf19b14fc0df6fd9b2acc9af147ea85/68848638196709631511804403251350089491801980564535286120293278074062307140105,2022-05-07 12:41:54,2022-06-13 01:16:49,2022-09-11 01:16:49,2022-10-02 01:16:49
sspp,4,Never Registered,,https://app.ens.domains/name/sspp.eth/register,,,,
ssqq,4,Never Registered,,https://app.ens.domains/name/ssqq.eth/register,,,,
ssrr,4,Currently Owned,,https://opensea.io/assets/0x57f1887a8bf19b14fc0df6fd9b2acc9af147ea85/2384681001242389455338669216425681439968235853157382642558571703730903858747,2022-05-01 07:33:01,2023-05-01 13:22:13,2023-07-30 13:22:13,2023-08-20 13:22:13
sstt,4,Never Registered,,https://app.ens.domains/name/sstt.eth/register,,,,
ssuu,4,Never Registered,,https://app.ens.domains/name/ssuu.eth/register,,,,
ssvv,4,Never Registered,,https://app.ens.domains/name/ssvv.eth/register,,,,
ssww,4,Never Registered,,https://app.ens.domains/name/ssww.eth/register,,,,
ssxx,4,Never Registered,,https://app.ens.domains/name/ssxx.eth/register,,,,
ssyy,4,Never Registered,,https://app.ens.domains/name/ssyy.eth/register,,,,
sszz,4,Currently Owned,,https://opensea.io/assets/0x57f1887a8bf19b14fc0df6fd9b2acc9af147ea85/68410442900889441386968337318822553904982524928347106698020643837181990568080,2022-05-02 16:00:27,2023-05-31 00:47:44,2023-08-29 00:47:44,2023-09-19 00:47:44
ttaa,4,Never Registered,,https://app.ens.domains/name/ttaa.eth/register,,,,
ttbb,4,Never Registered,,https://app.ens.domains/name/ttbb.eth/register,,,,
ttcc,4,Never Registered,,https://app.ens.domains/name/ttcc.eth/register,,,,
ttdd,4,Never Registered,,https://app.ens.domains/name/ttdd.eth/register,,,,
ttee,4,Never Registered,,https://app.ens.domains/name/ttee.eth/register,,,,
ttff,4,Never Registered,,https://app.ens.domains/name/ttff.eth/register,,,,
ttgg,4,Never Registered,,https://app.ens.domains/name/ttgg.eth/register,,,,
tthh,4,Never Registered,,https://app.ens.domains/name/tthh.eth/register,,,,
ttii,4,Never Registered,,https://app.ens.domains/name/ttii.eth/register,,,,
ttjj,4,Never Registered,,https://app.ens.domains/name/ttjj.eth/register,,,,
ttkk,4,Never Registered,,https://app.ens.domains/name/ttkk.eth/register,,,,
ttll,4,Never Registered,,https://app.ens.domains/name/ttll.eth/register,,,,
ttmm,4,Never Registered,,https://app.ens.domains/name/ttmm.eth/register,,,,
ttnn,4,Never Registered,,https://app.ens.domains/name/ttnn.eth/register,,,,
ttoo,4,Currently Owned,,https://opensea.io/assets/0x57f1887a8bf19b14fc0df6fd9b2acc9af147ea85/21575845701076684395610037513714561297324455395494417116745957787384846018615,2021-11-09 03:47:40,2022-11-09 09:36:52,2023-02-07 09:36:52,2023-02-28 09:36:52
ttpp,4,Never Registered,,https://app.ens.domains/name/ttpp.eth/register,,,,
ttqq,4,Never Registered,,https://app.ens.domains/name/ttqq.eth/register,,,,
ttrr,4,Never Registered,,https://app.ens.domains/name/ttrr.eth/register,,,,
ttss,4,Never Registered,,https://app.ens.domains/name/ttss.eth/register,,,,
ttuu,4,Currently Owned,,https://opensea.io/assets/0x57f1887a8bf19b14fc0df6fd9b2acc9af147ea85/109945367992512976899565073526619341428860688885652047044108640280650781932955,2022-05-01 08:38:40,2023-05-01 14:27:52,2023-07-30 14:27:52,2023-08-20 14:27:52
ttvv,4,Never Registered,,https://app.ens.domains/name/ttvv.eth/register,,,,
ttww,4,Never Registered,,https://app.ens.domains/name/ttww.eth/register,,,,
ttxx,4,Never Registered,,https://app.ens.domains/name/ttxx.eth/register,,,,
ttyy,4,Never Registered,,https://app.ens.domains/name/ttyy.eth/register,,,,
ttzz,4,Never Registered,,https://app.ens.domains/name/ttzz.eth/register,,,,
uuaa,4,Never Registered,,https://app.ens.domains/name/uuaa.eth/register,,,,
uubb,4,Never Registered,,https://app.ens.domains/name/uubb.eth/register,,,,
uucc,4,Never Registered,,https://app.ens.domains/name/uucc.eth/register,,,,
uudd,4,Never Registered,,https://app.ens.domains/name/uudd.eth/register,,,,
uuee,4,Currently Owned,,https://opensea.io/assets/0x57f1887a8bf19b14fc0df6fd9b2acc9af147ea85/84328818715144643582224507778392200597982092800092103588074759960867689697839,2022-05-02 22:31:12,2023-05-03 04:20:24,2023-08-01 04:20:24,2023-08-22 04:20:24
uuff,4,Never Registered,,https://app.ens.domains/name/uuff.eth/register,,,,
uugg,4,Never Registered,,https://app.ens.domains/name/uugg.eth/register,,,,
uuhh,4,Never Registered,,https://app.ens.domains/name/uuhh.eth/register,,,,
uuii,4,Never Registered,,https://app.ens.domains/name/uuii.eth/register,,,,
uujj,4,Never Registered,,https://app.ens.domains/name/uujj.eth/register,,,,
uukk,4,Never Registered,,https://app.ens.domains/name/uukk.eth/register,,,,
uull,4,Never Registered,,https://app.ens.domains/name/uull.eth/register,,,,
uumm,4,Currently Owned,,https://opensea.io/assets/0x57f1887a8bf19b14fc0df6fd9b2acc9af147ea85/97654905048468680451627629880739764241613738752099174535671879260203491947021,2022-05-02 23:09:30,2024-05-02 10:47:54,2024-07-31 10:47:54,2024-08-21 10:47:54
uunn,4,Currently Owned,,https://opensea.io/assets/0x57f1887a8bf19b14fc0df6fd9b2acc9af147ea85/6743727538164016826861130382039273777155159342142665396950674875924879719410,2022-04-30 12:59:43,2024-04-30 00:38:07,2024-07-29 00:38:07,2024-08-19 00:38:07
uuoo,4,Never Registered,,https://app.ens.domains/name/uuoo.eth/register,,,,
uupp,4,Currently Owned,,https://opensea.io/assets/0x57f1887a8bf19b14fc0df6fd9b2acc9af147ea85/37874670344219876951890634378570943353803367000305399593763203027839185013149,2022-05-04 02:53:01,2022-06-01 05:51:06,2022-08-30 05:51:06,2022-09-20 05:51:06
uuqq,4,Never Registered,,https://app.ens.domains/name/uuqq.eth/register,,,,
uurr,4,Never Registered,,https://app.ens.domains/name/uurr.eth/register,,,,
uuss,4,Currently Owned,,https://opensea.io/assets/0x57f1887a8bf19b14fc0df6fd9b2acc9af147ea85/11395267980200490763184558768809014167942195543954856623187055440212397810280,2022-05-06 04:43:53,2022-06-04 09:59:49,2022-09-02 09:59:49,2022-09-23 09:59:49
uutt,4,Never Registered,,https://app.ens.domains/name/uutt.eth/register,,,,
uuvv,4,Currently Owned,,https://opensea.io/assets/0x57f1887a8bf19b14fc0df6fd9b2acc9af147ea85/49512694865903459513598769639489577182371499303897036133462043730819206906107,2022-05-03 04:35:29,2022-06-01 09:51:25,2022-08-30 09:51:25,2022-09-20 09:51:25
uuww,4,Never Registered,,https://app.ens.domains/name/uuww.eth/register,,,,
uuxx,4,Never Registered,,https://app.ens.domains/name/uuxx.eth/register,,,,
uuyy,4,Never Registered,,https://app.ens.domains/name/uuyy.eth/register,,,,
uuzz,4,Never Registered,,https://app.ens.domains/name/uuzz.eth/register,,,,
vvaa,4,Never Registered,,https://app.ens.domains/name/vvaa.eth/register,,,,
vvbb,4,Never Registered,,https://app.ens.domains/name/vvbb.eth/register,,,,
vvcc,4,Never Registered,,https://app.ens.domains/name/vvcc.eth/register,,,,
vvdd,4,Never Registered,,https://app.ens.domains/name/vvdd.eth/register,,,,
vvee,4,Never Registered,,https://app.ens.domains/name/vvee.eth/register,,,,
vvff,4,Never Registered,,https://app.ens.domains/name/vvff.eth/register,,,,
vvgg,4,Never Registered,,https://app.ens.domains/name/vvgg.eth/register,,,,
vvhh,4,Never Registered,,https://app.ens.domains/name/vvhh.eth/register,,,,
vvii,4,Never Registered,,https://app.ens.domains/name/vvii.eth/register,,,,
vvjj,4,Never Registered,,https://app.ens.domains/name/vvjj.eth/register,,,,
vvkk,4,Never Registered,,https://app.ens.domains/name/vvkk.eth/register,,,,
vvll,4,Never Registered,,https://app.ens.domains/name/vvll.eth/register,,,,
vvmm,4,Never Registered,,https://app.ens.domains/name/vvmm.eth/register,,,,
vvnn,4,Never Registered,,https://app.ens.domains/name/vvnn.eth/register,,,,
vvoo,4,Never Registered,,https://app.ens.domains/name/vvoo.eth/register,,,,
vvpp,4,Never Registered,,https://app.ens.domains/name/vvpp.eth/register,,,,
vvqq,4,Never Registered,,https://app.ens.domains/name/vvqq.eth/register,,,,
vvrr,4,Currently Owned,,https://opensea.io/assets/0x57f1887a8bf19b14fc0df6fd9b2acc9af147ea85/13749101375401821318644097974301213991453261453983254740363656636057431093552,2022-05-02 04:13:59,2023-05-02 10:03:11,2023-07-31 10:03:11,2023-08-21 10:03:11
vvss,4,Currently Owned,,https://opensea.io/assets/0x57f1887a8bf19b14fc0df6fd9b2acc9af147ea85/20532316368286123815215020750977217230065642048558281371973946954108292220634,2022-04-29 18:37:55,2022-05-30 04:49:29,2022-08-28 04:49:29,2022-09-18 04:49:29
vvtt,4,Never Registered,,https://app.ens.domains/name/vvtt.eth/register,,,,
vvuu,4,Never Registered,,https://app.ens.domains/name/vvuu.eth/register,,,,
vvww,4,Currently Owned,,https://opensea.io/assets/0x57f1887a8bf19b14fc0df6fd9b2acc9af147ea85/48040506722140386138499512638079164197371552196725974154968291598104486277899,2022-05-02 21:48:52,2022-05-30 21:48:52,2022-08-28 21:48:52,2022-09-18 21:48:52
vvxx,4,Never Registered,,https://app.ens.domains/name/vvxx.eth/register,,,,
vvyy,4,Never Registered,,https://app.ens.domains/name/vvyy.eth/register,,,,
vvzz,4,Never Registered,,https://app.ens.domains/name/vvzz.eth/register,,,,
wwaa,4,Never Registered,,https://app.ens.domains/name/wwaa.eth/register,,,,
wwbb,4,Never Registered,,https://app.ens.domains/name/wwbb.eth/register,,,,
wwcc,4,Never Registered,,https://app.ens.domains/name/wwcc.eth/register,,,,
wwdd,4,Never Registered,,https://app.ens.domains/name/wwdd.eth/register,,,,
wwee,4,Currently Owned,,https://opensea.io/assets/0x57f1887a8bf19b14fc0df6fd9b2acc9af147ea85/51023435881667473870999551697921480896782570941653173330012680140852300399968,2022-04-29 23:00:55,2023-04-30 04:50:07,2023-07-29 04:50:07,2023-08-19 04:50:07
wwff,4,Never Registered,,https://app.ens.domains/name/wwff.eth/register,,,,
wwgg,4,Never Registered,,https://app.ens.domains/name/wwgg.eth/register,,,,
wwhh,4,Never Registered,,https://app.ens.domains/name/wwhh.eth/register,,,,
wwii,4,Currently Owned,,https://opensea.io/assets/0x57f1887a8bf19b14fc0df6fd9b2acc9af147ea85/76975469648449578087332082783228522537907934182626659454812651110404325461060,2021-09-09 01:13:38,2022-09-09 07:02:50,2022-12-08 07:02:50,2022-12-29 07:02:50
wwjj,4,Never Registered,,https://app.ens.domains/name/wwjj.eth/register,,,,
wwkk,4,Never Registered,,https://app.ens.domains/name/wwkk.eth/register,,,,
wwll,4,Never Registered,,https://app.ens.domains/name/wwll.eth/register,,,,
wwmm,4,Currently Owned,,https://opensea.io/assets/0x57f1887a8bf19b14fc0df6fd9b2acc9af147ea85/36226864417613138610499561665630275315580241526778238059581973019510010972250,2022-05-03 05:03:17,2022-06-01 10:19:13,2022-08-30 10:19:13,2022-09-20 10:19:13
wwnn,4,Never Registered,,https://app.ens.domains/name/wwnn.eth/register,,,,
wwoo,4,Never Registered,,https://app.ens.domains/name/wwoo.eth/register,,,,
wwpp,4,Never Registered,,https://app.ens.domains/name/wwpp.eth/register,,,,
wwqq,4,Never Registered,,https://app.ens.domains/name/wwqq.eth/register,,,,
wwrr,4,Never Registered,,https://app.ens.domains/name/wwrr.eth/register,,,,
wwss,4,Never Registered,,https://app.ens.domains/name/wwss.eth/register,,,,
wwtt,4,Never Registered,,https://app.ens.domains/name/wwtt.eth/register,,,,
wwuu,4,Never Registered,,https://app.ens.domains/name/wwuu.eth/register,,,,
wwvv,4,Currently Owned,,https://opensea.io/assets/0x57f1887a8bf19b14fc0df6fd9b2acc9af147ea85/66682098942121184574925676743657521871695720236043907213467450621472161322050,2022-05-03 04:31:42,2022-06-01 09:47:38,2022-08-30 09:47:38,2022-09-20 09:47:38
wwxx,4,Never Registered,,https://app.ens.domains/name/wwxx.eth/register,,,,
wwyy,4,Currently Owned,,https://opensea.io/assets/0x57f1887a8bf19b14fc0df6fd9b2acc9af147ea85/72262655238247117337267807429959647794961627908436411166990981259498856661414,2022-04-26 04:48:12,2025-04-25 22:15:48,2025-07-24 22:15:48,2025-08-14 22:15:48
wwzz,4,Never Registered,,https://app.ens.domains/name/wwzz.eth/register,,,,
xxaa,4,Currently Owned,,https://opensea.io/assets/0x57f1887a8bf19b14fc0df6fd9b2acc9af147ea85/44968639666807730566135236180898205117794815346242281598728627762557694019397,2022-05-02 20:47:42,2023-05-03 02:36:54,2023-08-01 02:36:54,2023-08-22 02:36:54
xxbb,4,Currently Owned,,https://opensea.io/assets/0x57f1887a8bf19b14fc0df6fd9b2acc9af147ea85/89802980424304642699850111841059928841606104723248886538059595841897671129101,2022-04-26 04:09:40,2023-04-26 09:58:52,2023-07-25 09:58:52,2023-08-15 09:58:52
xxcc,4,Currently Owned,,https://opensea.io/assets/0x57f1887a8bf19b14fc0df6fd9b2acc9af147ea85/37131696862116639570806546802722101572257951658057355197018928831000292241500,2022-05-02 20:39:09,2023-05-03 02:28:21,2023-08-01 02:28:21,2023-08-22 02:28:21
xxdd,4,Currently Owned,,https://opensea.io/assets/0x57f1887a8bf19b14fc0df6fd9b2acc9af147ea85/83067163336106676971830285347804570904195509051347648964876797871826941199767,2022-05-02 22:01:21,2023-05-03 03:50:33,2023-08-01 03:50:33,2023-08-22 03:50:33
xxee,4,Currently Owned,,https://opensea.io/assets/0x57f1887a8bf19b14fc0df6fd9b2acc9af147ea85/93961333558803805914807744936430644955358577978041971888506247566591489912856,2022-05-03 04:17:41,2023-05-03 10:06:53,2023-08-01 10:06:53,2023-08-22 10:06:53
xxff,4,Never Registered,,https://app.ens.domains/name/xxff.eth/register,,,,
xxgg,4,Never Registered,,https://app.ens.domains/name/xxgg.eth/register,,,,
xxhh,4,Currently Owned,,https://opensea.io/assets/0x57f1887a8bf19b14fc0df6fd9b2acc9af147ea85/58023919145027311011985544715894793909953606666748591511118947781731463342730,2022-04-28 05:43:17,2023-04-28 11:32:29,2023-07-27 11:32:29,2023-08-17 11:32:29
xxii,4,Currently Owned,,https://opensea.io/assets/0x57f1887a8bf19b14fc0df6fd9b2acc9af147ea85/63942207211968146599190697230585635634466937275601803125896105544253484650498,2022-04-27 12:40:00,2022-07-09 13:49:50,2022-10-07 13:49:50,2022-10-28 13:49:50
xxjj,4,Never Registered,,https://app.ens.domains/name/xxjj.eth/register,,,,
xxkk,4,Never Registered,,https://app.ens.domains/name/xxkk.eth/register,,,,
xxll,4,Currently Owned,,https://opensea.io/assets/0x57f1887a8bf19b14fc0df6fd9b2acc9af147ea85/84420361537197561313616415016339331310624870266266380723811004664557488520775,2022-05-04 00:25:14,2023-05-04 06:14:26,2023-08-02 06:14:26,2023-08-23 06:14:26
xxmm,4,Never Registered,,https://app.ens.domains/name/xxmm.eth/register,,,,
xxnn,4,Currently Owned,,https://opensea.io/assets/0x57f1887a8bf19b14fc0df6fd9b2acc9af147ea85/66033939559960630082436373667307338525618031144379750046984418596801093010171,2022-05-07 09:00:16,2022-06-12 21:35:11,2022-09-10 21:35:11,2022-10-01 21:35:11
xxoo,4,Currently Owned,,https://opensea.io/assets/0x57f1887a8bf19b14fc0df6fd9b2acc9af147ea85/91522273480323062556205403051014069481921766852008731659511383840218166033112,2021-05-09 06:29:27,2022-05-09 12:18:39,2022-08-07 12:18:39,2022-08-28 12:18:39
xxpp,4,Never Registered,,https://app.ens.domains/name/xxpp.eth/register,,,,
xxqq,4,Never Registered,,https://app.ens.domains/name/xxqq.eth/register,,,,
xxrr,4,Never Registered,,https://app.ens.domains/name/xxrr.eth/register,,,,
xxss,4,Currently Owned,,https://opensea.io/assets/0x57f1887a8bf19b14fc0df6fd9b2acc9af147ea85/94054743933901292768012296181000845389650886564243245535732166527437600244541,2022-05-04 00:28:27,2023-05-04 06:17:39,2023-08-02 06:17:39,2023-08-23 06:17:39
xxtt,4,Never Registered,,https://app.ens.domains/name/xxtt.eth/register,,,,
xxuu,4,Never Registered,,https://app.ens.domains/name/xxuu.eth/register,,,,
xxvv,4,Currently Owned,,https://opensea.io/assets/0x57f1887a8bf19b14fc0df6fd9b2acc9af147ea85/54871361538865732547272622163387010613068207346557560440933338341814319159474,2022-05-02 11:04:13,2023-05-02 16:53:25,2023-07-31 16:53:25,2023-08-21 16:53:25
xxww,4,Currently Owned,,https://opensea.io/assets/0x57f1887a8bf19b14fc0df6fd9b2acc9af147ea85/8735786777657306987865462684955274993863739780508970917137903182458710712729,2022-03-17 03:40:38,2024-03-16 15:19:02,2024-06-14 15:19:02,2024-07-05 15:19:02
xxyy,4,Currently Owned,,https://opensea.io/assets/0x57f1887a8bf19b14fc0df6fd9b2acc9af147ea85/100743967892219535195704322225311063860077666538968370697677676588180329567634,2022-02-22 08:00:44,2023-02-22 13:49:56,2023-05-23 13:49:56,2023-06-13 13:49:56
xxzz,4,Currently Owned,,https://opensea.io/assets/0x57f1887a8bf19b14fc0df6fd9b2acc9af147ea85/73166177463026159518015680228119765208159577531204441418213951805400869695871,2022-03-17 02:23:46,2023-03-17 08:12:58,2023-06-15 08:12:58,2023-07-06 08:12:58
yyaa,4,Never Registered,,https://app.ens.domains/name/yyaa.eth/register,,,,
yybb,4,Never Registered,,https://app.ens.domains/name/yybb.eth/register,,,,
yycc,4,Never Registered,,https://app.ens.domains/name/yycc.eth/register,,,,
yydd,4,Currently Owned,,https://opensea.io/assets/0x57f1887a8bf19b14fc0df6fd9b2acc9af147ea85/70058818268537064976109545232719605439436634413598337388190236788625489005829,2021-11-26 00:36:33,2022-11-26 06:25:45,2023-02-24 06:25:45,2023-03-17 06:25:45
yyee,4,Never Registered,,https://app.ens.domains/name/yyee.eth/register,,,,
yyff,4,Never Registered,,https://app.ens.domains/name/yyff.eth/register,,,,
yygg,4,Currently Owned,,https://opensea.io/assets/0x57f1887a8bf19b14fc0df6fd9b2acc9af147ea85/29128470554217956463530221543557637471845982065965442898438988736093457098756,2022-05-01 07:37:33,2023-05-01 13:26:45,2023-07-30 13:26:45,2023-08-20 13:26:45
yyhh,4,Never Registered,,https://app.ens.domains/name/yyhh.eth/register,,,,
yyii,4,Never Registered,,https://app.ens.domains/name/yyii.eth/register,,,,
yyjj,4,Never Registered,,https://app.ens.domains/name/yyjj.eth/register,,,,
yykk,4,Currently Owned,,https://opensea.io/assets/0x57f1887a8bf19b14fc0df6fd9b2acc9af147ea85/92864610260940891958711011778373851781199712827201890726615520915073566914282,2022-04-28 10:32:05,2024-04-27 22:10:29,2024-07-26 22:10:29,2024-08-16 22:10:29
yyll,4,Never Registered,,https://app.ens.domains/name/yyll.eth/register,,,,
yymm,4,Never Registered,,https://app.ens.domains/name/yymm.eth/register,,,,
yynn,4,Never Registered,,https://app.ens.domains/name/yynn.eth/register,,,,
yyoo,4,Currently Owned,,https://opensea.io/assets/0x57f1887a8bf19b14fc0df6fd9b2acc9af147ea85/92656011033834962310365914677644472546027248201200806357660098831045504169168,2022-05-02 23:35:48,2023-05-03 05:25:00,2023-08-01 05:25:00,2023-08-22 05:25:00
yypp,4,Never Registered,,https://app.ens.domains/name/yypp.eth/register,,,,
yyqq,4,Never Registered,,https://app.ens.domains/name/yyqq.eth/register,,,,
yyrr,4,Never Registered,,https://app.ens.domains/name/yyrr.eth/register,,,,
yyss,4,Currently Owned,,https://opensea.io/assets/0x57f1887a8bf19b14fc0df6fd9b2acc9af147ea85/93039518772004432398662294635521126444943282023178224672663282840852356230859,2022-03-15 20:33:26,2023-03-16 02:22:38,2023-06-14 02:22:38,2023-07-05 02:22:38
yytt,4,Never Registered,,https://app.ens.domains/name/yytt.eth/register,,,,
yyuu,4,Never Registered,,https://app.ens.domains/name/yyuu.eth/register,,,,
yyvv,4,Never Registered,,https://app.ens.domains/name/yyvv.eth/register,,,,
yyww,4,Never Registered,,https://app.ens.domains/name/yyww.eth/register,,,,
yyxx,4,Currently Owned,,https://opensea.io/assets/0x57f1887a8bf19b14fc0df6fd9b2acc9af147ea85/65241372089362856996581765977265224934990717645138326903198773406193188817543,2022-05-02 21:54:33,2024-05-02 09:32:57,2024-07-31 09:32:57,2024-08-21 09:32:57
yyzz,4,Currently Owned,,https://opensea.io/assets/0x57f1887a8bf19b14fc0df6fd9b2acc9af147ea85/74054046939904771751156221784155608998299030007283365397368306347327997547965,2022-05-03 00:27:03,2023-05-03 06:16:15,2023-08-01 06:16:15,2023-08-22 06:16:15
zzaa,4,Currently Owned,,https://opensea.io/assets/0x57f1887a8bf19b14fc0df6fd9b2acc9af147ea85/111118448574119359711980254537908825114462829492327260114511686536922796897066,2022-05-02 23:39:00,2023-05-03 05:28:12,2023-08-01 05:28:12,2023-08-22 05:28:12
zzbb,4,Never Registered,,https://app.ens.domains/name/zzbb.eth/register,,,,
zzcc,4,Never Registered,,https://app.ens.domains/name/zzcc.eth/register,,,,
zzdd,4,Never Registered,,https://app.ens.domains/name/zzdd.eth/register,,,,
zzee,4,Never Registered,,https://app.ens.domains/name/zzee.eth/register,,,,
zzff,4,Never Registered,,https://app.ens.domains/name/zzff.eth/register,,,,
zzgg,4,Never Registered,,https://app.ens.domains/name/zzgg.eth/register,,,,
zzhh,4,Never Registered,,https://app.ens.domains/name/zzhh.eth/register,,,,
zzii,4,Never Registered,,https://app.ens.domains/name/zzii.eth/register,,,,
zzjj,4,Never Registered,,https://app.ens.domains/name/zzjj.eth/register,,,,
zzkk,4,Never Registered,,https://app.ens.domains/name/zzkk.eth/register,,,,
zzll,4,Never Registered,,https://app.ens.domains/name/zzll.eth/register,,,,
zzmm,4,Never Registered,,https://app.ens.domains/name/zzmm.eth/register,,,,
zznn,4,Never Registered,,https://app.ens.domains/name/zznn.eth/register,,,,
zzoo,4,Never Registered,,https://app.ens.domains/name/zzoo.eth/register,,,,
zzpp,4,Never Registered,,https://app.ens.domains/name/zzpp.eth/register,,,,
zzqq,4,Currently Owned,,https://opensea.io/assets/0x57f1887a8bf19b14fc0df6fd9b2acc9af147ea85/100659263877322600323771706510642408768535532572672522912228036147078205681858,2022-05-05 22:15:16,2023-05-06 04:04:28,2023-08-04 04:04:28,2023-08-25 04:04:28
zzrr,4,Never Registered,,https://app.ens.domains/name/zzrr.eth/register,,,,
zzss,4,Currently Owned,,https://opensea.io/assets/0x57f1887a8bf19b14fc0df6fd9b2acc9af147ea85/21003486704375423845620941690368058530425230588774757615758763569072233503728,2022-05-02 15:59:52,2023-05-31 00:47:09,2023-08-29 00:47:09,2023-09-19 00:47:09
zztt,4,Never Registered,,https://app.ens.domains/name/zztt.eth/register,,,,
zzuu,4,Never Registered,,https://app.ens.domains/name/zzuu.eth/register,,,,
zzvv,4,Never Registered,,https://app.ens.domains/name/zzvv.eth/register,,,,
zzww,4,Currently Owned,,https://opensea.io/assets/0x57f1887a8bf19b14fc0df6fd9b2acc9af147ea85/27227740415669970910407036931709593792353485850983251168241687206869071215829,2021-12-03 10:08:22,2022-12-03 15:57:34,2023-03-03 15:57:34,2023-03-24 15:57:34
zzxx,4,Currently Owned,,https://opensea.io/assets/0x57f1887a8bf19b14fc0df6fd9b2acc9af147ea85/60632523435871273826819552170184520111880493940601983613788572696526721241622,2022-05-01 03:17:01,2023-05-01 09:06:13,2023-07-30 09:06:13,2023-08-20 09:06:13
zzyy,4,Currently Owned,,https://opensea.io/assets/0x57f1887a8bf19b14fc0df6fd9b2acc9af147ea85/86807618501026524596002685739668936720407303595812100632285043303095443972836,2022-05-04 05:34:47,2024-05-03 17:13:11,2024-08-01 17:13:11,2024-08-22 17:13:11